lon,lat,verified
7.999168,44.855314,1
14.782217,50.90555,1
12.676944,50.661667,1
12.431944,50.684722,1
12.483333,50.7,1
12.506383,50.736383,1
14.114722,53.896944,1
14.574717,50.863617,1
18.723333,48.349722,1
12.4725,50.661667,1
14.266383,51.084167,1
14.24055,51.426117,1
14.63749,58.2277,1
15.52186,58.4027,1
15.61639,58.39668,1
15.64913,58.40077,1
15.5351,58.49032,1
15.62216,58.40522,1
15.60514,58.39173,1
15.34642,58.71544,1
24.648435,61.512526,1
24.866819,61.067254,1
13.73833,51.05083,1
13.46667,51.18333,1
-4.2,37.08,1
-3.23,42.89,1
-2.74,42.97,1
-2.67,42.64,1
-2.76,43.04,1
-3.21,43.24,1
-2.09,43.02,1
-2.95,42.87,1
-3.37,43.26,1
-2.77,43.04,1
-2.67,43.1,1
-2.5,43.09,1
-3.25,42.9,1
-3.12,43.06,1
-3.25,42.88,1
-3.11,43.13,1
-2.6,43.08,1
-3.42,43.13,1
-2.78,43.06,1
-2.71,43.06,1
-3.37,43.19,1
-2.28,42.79,1
-2.67,43.15,1
-2.35,42.82,1
-3.43,43.15,1
-2.26,42.82,1
-2.66,42.64,1
-2.52,43.09,1
-2.33,42.95,1
-3.38,43.25,1
-3.14,43.14,1
-2.29,42.79,1
-3.38,43.15,1
-2.78,43.05,1
-2.62,43.09,1
-3.08,43.02,1
-3.06,42.76,1
-2.35,42.96,1
-2.78,43.04,1
-2.5,43.24,1
-3.3,43.27,1
-1.82,43.25,1
6.00681,49.8557,1
26.0881,52.128,1
14.56738,50.95467,1
13.10821,55.64106,1
-5.184657,42.989215,1
-5.201739,42.922073,1
-5.149619,43.005934,1
24.537625,61.604872,1
27.813506,64.29971,1
27.735726,62.962048,1
22.936754,63.089607,1
30.625312,62.226199,1
28.454098,63.869473,1
23.531161,61.331504,1
22.493098,61.786376,1
24.117272,60.268,1
24.389679,64.607197,1
26.755713,62.30878,1
24.434808,64.638504,1
24.436898,64.638541,1
26.325179,63.446826,1
-2.82,37.89,1
-2.97,37.78,1
-2.86,36.88,1
-2.92,37.87,1
-3.17,37.19,1
-2.91,37.88,1
-2.85,37.91,1
23.54,61.47,1
24.273877,62.233315,1
24.469209,62.106841,1
24.277718,62.23339,1
27.684615,62.877035,1
27.647365,61.172294,1
24.503796,60.971243,1
25.603465,61.166635,1
25.100103,60.262781,1
25.645404,60.399653,1
28.868935,62.956055,1
27.881112,62.875945,1
27.674745,62.881603,1
25.804309,61.011524,1
29.695002,62.615053,1
23.424559,60.789726,1
28.201322,61.078762,1
27.596774,62.865356,1
13.132617,47.4137,1
16.47306,49.07,1
18.65219,48.97686,1
18.60281,49.65236,1
18.66092,48.97281,1
8.5866,50.07645,1
17.24687,52.32713,1
20.27021,49.85803,1
18.49042,53.06987,1
16.2759,53.89007,1
18.98527,50.32759,1
20.76841,50.76039,1
17.98663,54.15385,1
26.0079,53.7128,1
7.4537,48.2575,1
7.4401,48.4136,1
7.5883,50.3555,1
6.869,45.2581,1
22.91891,53.24421,1
20.82097,53.85809,1
7.2647,46.0499,1
25.9373,45.4494,1
15.34184,52.19297,1
6.948,45.3002,1
16.40982,51.08887,1
19.41303,51.60158,1
12.7991,52.9152,1
4.695833,50.518055,1
8.97944,48.55333,1
8.75944,48.23639,1
15.75944,40.4975,1
-0.438693,53.597802,1
-0.725211,53.46707,1
-0.764326,53.441901,1
23.53389,60.616737,1
23.611867,60.661274,1
23.601413,60.666687,1
34.918923,50.47565,1
25.65,60.383333,1
23.611971,60.661617,1
24.436639,61.507035,1
18.302,57.624,1
26.02639,62.235145,1
16.01111,49.36,1
63.725851,60.932113,1
7.0251,58.1144,1
8.5057,58.3318,1
10.2161,46.66987,1
10.21379,46.62492,1
10.34911,46.71156,1
10.1508,46.67145,1
10.34669,46.66662,1
10.08771,46.71794,1
10.01804,46.62953,1
10.27903,46.62332,1
10.28377,46.71321,1
5.7032,59.0984,1
8.686967,50.132067,1
16.71056,49.21306,1
13.09478,55.63304,1
14.26409,55.65862,1
7.868611,46.2075,1
37.663826,54.366748,1
38.915639,53.576389,1
38.913694,53.575972,1
-4.15,51.84,1
27.059999,58.099998,1
-3.52,51.549999,1
11.420125,43.802319,1
10.631605,44.115679,1
6.8732,59.8391,1
10.5294,59.5339,1
11.42014,43.80233,1
11.432583,44.121361,1
11.424881,44.146741,1
11.51693,42.82588,1
11.71164,43.876681,1
11.426096,44.151941,1
11.481944,44.175174,1
11.546825,44.108831,1
11.425273,44.149328,1
11.49833,44.14761,1
2.1672,41.3888,1
12.55889,51.75639,1
12.41972,52.00306,1
10.77722,51.74139,1
9.199,62.5799,1
11.4001,59.1179,1
9.7723,59.6753,1
11.1817,59.2282,1
11.6042,59.1827,1
10.6191,59.4304,1
11.4005,59.0986,1
6.9511,62.8991,1
10.6791,59.3434,1
11.4306,59.1299,1
10.8771,59.378,1
11.0373,59.0257,1
10.903,59.2595,1
11.579,59.3221,1
11.0365,59.0567,1
10.6312,59.4635,1
10.828,59.3325,1
10.5955,59.4343,1
11.5587830887124,59.3313437067958,1
10.6135,59.4431,1
6.9583,62.8947,1
15.97389,48.81917,1
16.78056,49.50722,1
20.31425,48.77311,1
13.47722,48.21222,1
13.50833,48.16111,1
11.5173,58.04496,1
15.10595,58.69186,1
14.171525,59.711033,1
12.89922,59.65821,1
11.21861,52.85611,1
11.57194,52.3475,1
11.17889,52.89556,1
24.96,41.33,1
24.86444,41.26361,1
24.91972,41.28056,1
24.89583,41.315,1
24.97056,41.33833,1
24.12944,41.41472,1
24.00917,41.30639,1
24.46583,41.36667,1
24.64389,41.11194,1
12.31,51.93167,1
11.74111,51.15056,1
12.40333,51.94,1
14.05,53.94944,1
17.47278,49.165,1
17.46028,49.1725,1
11.73847,58.65569,1
11.5066,58.1451,1
11.55974,57.96458,1
11.84951,58.67722,1
11.55966,58.69494,1
11.46451,58.58542,1
11.69085,58.43459,1
15.60802,58.3676,1
11.68133,58.24067,1
15.75945,40.4975,1
11.007333,46.857,1
10.032767,50.193783,1
9.951833,50.725183,1
9.979967,50.3701,1
10.134367,50.769733,1
9.940917,50.49825,1
10.006667,50.458617,1
9.948983,50.713333,1
9.177117,50.644783,1
9.521433,50.592967,1
9.193817,50.632333,1
9.179583,50.63455,1
9.180333,50.639017,1
9.1705,50.650267,1
8.600278,50.618056,1
8.5531,50.0981,1
10.6601,47.290067,1
8.692667,50.113417,1
9.186767,50.6498,1
9.185867,50.655083,1
9.669833,50.590783,1
12.62487,59.67067,1
1.98,42.36,1
-5.21,43.08,1
-3.11,42.82,1
-2.94,42.68,1
-3.38,37.09,1
2.82,42.63,1
0.28,40.68,1
-2.9,42.8,1
-2.64,42.61,1
-0.63,42.76,1
-0.06,42.66,1
-3.16,42.71,1
2.13,42.4,1
1.85,42.31,1
1.36,42.4,1
1.49,42.22,1
1.97,42.31,1
1.24,42.39,1
0.51,42.38,1
1.95,42.34,1
1.11,42.48,1
0.51,42.47,1
0.87,42.57,1
0.75,42.48,1
1.02,41.44,1
1.09,42.57,1
1.67,41.6,1
1.6,42.31,1
2.26,41.79,1
1.74,41.59,1
0.63,42.47,1
2.4,41.8,1
0.63,42.47,1
0.74,42.66,1
2.51,41.88,1
0.33,40.94,1
2.08,41.45,1
0.84,41.28,1
-3.8,40.72,1
0.96,42.06,1
-3.39,37.1,1
2.62,42.57,1
-0.58,42.69,1
-0.24,42.31,1
-0.68,42.85,1
-4.79,43.08,1
1.85,42.4,1
1.85,42.38,1
1.96,42.35,1
0.51,42.47,1
1.11,42.57,1
1.36,42.4,1
1.36,42.4,1
0.75,42.48,1
0.75,42.57,1
1.85,42.31,1
0.75,42.48,1
0.63,42.38,1
1.13,42.57,1
1.1,42.63,1
1.06,42.57,1
1.93,41.36,1
1.09,42.58,1
1.48,42.31,1
1.24,42.51,1
0.87,42.57,1
0.87,42.48,1
2.44,42.27,1
2.58,41.78,1
-0.48,41.73,1
2.25,48.5,1
1.82992,48.64374,1
6.62414,46.52087,1
15.47611,47.05417,1
22.416667,58.25,1
24.416667,59.35,1
24.583333,57.95,1
26.416667,58.25,1
25.25,59.15,1
-6.86916,40.41328,1
-6.63505,41.82387,1
16.81947,58.36077,1
13.09,47.72,1
13.09,47.73,1
13.01,47.75,1
13.1,47.7,1
12.46,47.57,1
12.86,47.2,1
13.21,47.06,1
13.14,47.74,1
12.85,47.47,1
13.14,47.12,1
12.45,47.56,1
13.1,47.74,1
13.18,47.79,1
11.95,47.35,1
13.48,47.22,1
10.27,47.13,1
12.3,47.23,1
11.03,46.85,1
12.16,46.98,1
12.79,46.87,1
12.33,47.58,1
12.98,47.07,1
12.83,47.49,1
14.41,47.15,1
12.42,47.56,1
12.18,47.22,1
12.79,47.07,1
13.13,47.74,1
12.46,47.45,1
13.69,46.62,1
13.05,47.91,1
13.14,47.11,1
13.22,47.43,1
13.06,47.06,1
13.1,47.08,1
13.1,47.11,1
12.15,47.22,1
13.12,47.4,1
12.53,47.29,1
13.46,47.22,1
13.04,47.8,1
13.11,47.17,1
14.08,47.11,1
12.67,47.58,1
12.76,47.05,1
13.1,47.01,1
11.94,47.4,1
13.09,47.08,1
13.02,47.07,1
12.83,47.28,1
13.02,47.79,1
14.27,47.25,1
13.11,47.8,1
13.93,47.1,1
13.49,47.21,1
12.74,47.33,1
12.96,47.29,1
11.04,46.88,1
14.06,47.53,1
12.7,47.3,1
13.17,47.06,1
13.13,47.11,1
13.02,47.31,1
13.87,46.63,1
13.22,47.41,1
13.12,47.11,1
13.02,47.78,1
12.51,47.29,1
12.87,47.06,1
13.05,47.84,1
13.74,47.24,1
13.03,47.06,1
13.15,47.13,1
12.69,47.59,1
13.16,47.14,1
13.65,47.56,1
13.06,47.77,1
12.99,47.23,1
12.3,47.33,1
11.02,46.87,1
13.1,47.8,1
13.07,48.24,1
13.26,47.49,1
12.88,47.99,1
12.99,47.21,1
13.07,47.07,1
13.12,47.16,1
12.43,47.55,1
13.14,47.13,1
13.21,47.64,1
12.5,47.32,1
16.66,47.85,1
24.583333,58.35,1
25.583333,58.25,1
15.315556,48.232778,1
63.614978,60.869009,1
11.52291,58.45829,1
12.16702,58.58852,1
6.468,58.7135,1
5.868483,53.463933,1
15.46583,47.08083,1
8.86917,47.63934,1
8.266,47.22159,1
8.25995,46.97063,1
8.95465,45.97386,1
8.25927,46.92566,1
8.93316,47.54858,1
8.00719,46.84708,1
9.29695,46.5536,1
8.32714,47.06009,1
8.83138,46.20038,1
8.32491,46.92517,1
9.04826,46.96227,1
8.06337,47.01685,1
9.74931,46.45531,1
9.94445,46.45117,1
8.12625,46.7916,1
8.38423,46.56485,1
8.25721,46.79074,1
8.45365,46.78916,1
8.53375,47.50807,1
8.38817,46.78972,1
9.11815,47.09623,1
9.06548,46.96692,1
9.05231,47.09717,1
8.19236,46.83616,1
9.49762,46.68512,1
8.82758,46.87918,1
9.88143,46.49754,1
8.32565,46.97014,1
8.19362,46.92611,1
8.86675,47.54942,1
9.88346,46.5425,1
9.05366,47.14213,1
8.73722,47.68586,1
7.60456,47.51313,1
8.98516,47.05311,1
8.75373,47.67886,1
7.14808,46.02867,1
8.25278,47.17718,1
8.98257,46.96318,1
7.60087,46.29879,1
7.86716,47.15267,1
8.45281,46.74419,1
9.05096,47.0522,1
8.19425,46.97108,1
9.02044,46.01794,1
9.11534,47.0063,1
8.45876,47.05899,1
8.06494,47.15177,1
7.7935,45.98351,1
9.82823,46.76867,1
6.88707,46.29756,1
8.05821,46.94851,1
7.73066,46.29854,1
8.27476,46.97989,1
8.00953,46.94569,1
7.95663,46.90864,1
9.18253,47.05028,1
8.25381,46.56586,1
8.31702,47.0358,1
8.4579,47.01402,1
8.25111,46.38596,1
-5.04,40.24,1
-4.17,41.28,1
-3.83,41.31,1
-4.21,41.37,1
-2.64,40.18,1
-4.15,41.37,1
-3.16,41.34,1
-3.07,41.34,1
-3.06,40.89,1
-4.05,41.02,1
-4.28,42.09,1
-2.53,38.51,1
-4.39,42.05,1
-1.91,40.54,1
-3.79,41.48,1
-3.12,41.43,1
-3.84,41.12,1
-4.36,42.07,1
-3.76,40.94,1
-4.06,41.11,1
-4.38,42.04,1
-3.89,41.12,1
-3.94,41.48,1
-3.18,40.7,1
-3.21,41.52,1
-3.08,40.89,1
-3.96,40.66,1
-4.3,42.12,1
-3.95,41.1,1
-3.32,41.43,1
-3.37,41.2,1
-3.35,41.24,1
-5.33,41.83,1
41.26335,56.395194,1
87.183333,51.8,1
87.016667,52.283333,1
87.25,51.766667,1
41.550902,50.879818,1
10.8942,59.3465,1
7.07418,47.42273,1
7.5376,47.1984,1
7.33965,47.1984,1
6.36353,46.5187,1
6.81442,46.97186,1
7.07449,47.37776,1
9.01914,45.97297,1
8.9534,45.92889,1
8.93284,46.32766,1
7.53769,47.24338,1
9.15266,46.2098,1
7.33923,47.42326,1
7.47165,47.24341,1
8.00043,47.28702,1
7.40561,47.24341,1
7.93434,47.28733,1
8.19999,47.37583,1
8.06652,47.28668,1
9.01784,45.928,1
7.92373,46.11796,1
8.71021,46.52857,1
7.33931,47.37829,1
7.40558,47.28838,1
8.53924,46.36507,1
8.70185,46.2019,1
8.95589,46.01883,1
7.86009,46.25315,1
43.933333,42.816667,1
37.407769,54.916868,1
11.0821,59.2919,1
15.13978,58.66538,1
15.30436,58.37382,1
11.39667,44.22056,1
11.48194,44.17528,1
11.49833,44.14778,1
11.54694,44.10889,1
10.84556,44.10306,1
10.12528,44.32167,1
44.164595,42.884817,1
13.06736,55.53419,1
12.6,51.8,1
6.9,50.6,1
6.416667,46.0,1
10.437778,53.207222,1
19.957639,50.06425,1
11.425,44.14667,1
9.11583,45.80444,1
6.27944,46.19972,1
15.03028,40.87944,1
14.42083,41.40111,1
12.96417,67.96722,1
-3.10389,56.84417,1
20.48417,49.21861,1
22.04306,40.80806,1
14.06509,59.90693,1
19.0526,59.73943,1
11.42528,44.14944,1
11.4325,44.12139,1
14.08694,42.02528,1
14.08694,42.02528,1
12.96,47.67,1
12.79,47.62,1
11.12,49.57,1
13.04,47.57,1
12.87,47.62,1
9.56,49.94,1
13.04,47.52,1
12.87,47.57,1
12.79,47.72,1
12.96,47.52,1
10.96,50.02,1
12.87,47.77,1
11.54,48.07,1
12.87,47.67,1
13.04,47.67,1
23.32611,40.41472,1
44.54,48.51,1
16.08778,47.93944,1
15.82111,40.56444,1
6.975556,44.375278,1
8.265094,45.144692,1
8.270194,45.145912,1
13.207136,42.821699,1
13.208081,42.774061,1
13.539199,43.474448,1
13.121806,42.973349,1
13.121514,43.023641,1
12.956184,43.125307,1
13.205343,43.02522,1
13.208614,42.723192,1
13.120564,43.076235,1
13.289473,42.773349,1
9.36733,45.72841,1
16.350463,39.927614,1
13.205213,42.924289,1
13.292435,42.823425,1
13.289218,42.924509,1
13.206016,42.872918,1
13.289727,42.97393,1
13.28841,43.073272,1
13.038003,43.324015,1
13.207307,42.768742,1
8.97444,48.54,1
9.034737,44.410554,1
8.932699,44.411493,1
9.037188,44.473005,1
9.146748,44.562754,1
8.91806,44.42728,1
8.07116,44.299393,1
8.420594,44.243914,1
9.040564,44.481511,1
4.802986,45.723282,1
16.25,48.08333,1
-2.183611,40.691692,1
-4,43,1
-3.9,40.87,1
14.1933,55.72239,1
13.42905,58.21768,1
13.91045,60.02004,1
17.257865,58.867057,1
14.0463,56.27896,1
15.22258,60.30514,1
12.83964,59.14178,1
16.77637,58.51041,1
15.7931,60.41167,1
13.27302,55.71679,1
14.61687,58.98613,1
13.11947,57.78259,1
15.80776,58.52925,1
13.88024,55.506663,1
16.49913,58.74316,1
15.67907,56.30781,1
13.51681,59.95471,1
13.88013,57.91994,1
17.04244,59.34999,1
13.096551,56.053127,1
17.62555,59.9269,1
15.117232,56.225492,1
13.61419,59.98548,1
15.58166,56.22352,1
13.696578,60.032264,1
12.85201,59.14793,1
13.616965,56.001689,1
17.63442,59.86839,1
14.348893,55.556993,1
18.157814,59.740361,1
17.43025,60.28635,1
15.62028,58.40567,1
17.6409,59.81461,1
17.000399,59.888494,1
17.04286,59.36316,1
11.96852,57.6931,1
11.824563,57.761493,1
18.74862,60.16437,1
12.837845,55.389764,1
12.80739,59.14898,1
13.56428,55.60542,1
14.015406,58.738228,1
17.32118,62.51171,1
18.0196,62.58786,1
15.98187,58.77539,1
12.50645,56.88192,1
13.062649,56.637493,1
17.03385,59.375566,1
15.154285,56.345699,1
17.634069,59.858145,1
14.982451,60.731083,1
16.443676,56.541324,1
15.169974,59.074169,1
15.5924,60.07035,1
12.43775,57.8614,1
13.7333,56.19255,1
13.35809,63.32195,1
15.88724,60.46417,1
12.84587,59.12992,1
16.60338,62.42283,1
16.45714,58.77592,1
15.5211,58.40619,1
15.991632,60.277594,1
18.84375,59.99376,1
13.597923,60.004227,1
17.923365,59.537453,1
12.48291,56.8876,1
12.40808,58.70986,1
18.206186,57.286532,1
18.64262,59.81903,1
14.4434,59.25748,1
18.58721,59.37316,1
15.24527,59.39094,1
12.402222,55.978333,1
14.54687,58.63189,1
13.49796,60.1898,1
18.81038,60.0998,1
15.832681,56.095252,1
15.60925,56.18389,1
13.245393,55.876829,1
16.1489,58.69478,1
12.81777,59.13359,1
14.42039,56.31498,1
16.53616,60.58488,1
11.66403,58.12872,1
16.14717,58.72133,1
15.62733,58.39944,1
17.454873,60.573094,1
15.154647,59.121124,1
13.05492,59.20592,1
17.050375,61.303658,1
8.761944,55.328333,1
14.78419,56.25843,1
15.64148,58.40893,1
15.65309,62.52332,1
13.745566,56.191083,1
10.216389,59.131111,1
15.53085,58.48954,1
14.29041,56.19278,1
9.141111,55.482222,1
12.340704,58.664859,1
13.50292,58.19731,1
16.17261,58.66369,1
11.95948,58.33586,1
12.17225,57.74495,1
12.47561,58.72416,1
13.492693,58.269482,1
14.02539,59.668425,1
11.8226,58.06855,1
18.20151,57.60001,1
16.1156,58.624,1
15.17716,59.24342,1
11.83872,58.08681,1
13.09131,63.40037,1
13.658539,56.342768,1
9.257222,56.9675,1
12.97393,56.69551,1
15.22983,60.55542,1
18.01807,62.61491,1
13.20051,55.76591,1
14.069312,61.851961,1
17.01201,59.36289,1
15.72318,60.42118,1
12.48079,58.77521,1
14.68639,56.36801,1
11.80224,58.06706,1
15.65834,56.19864,1
15.60509,58.39181,1
12.928711,63.392857,1
16.11829,59.28392,1
12.835168,56.433477,1
17.61854,59.81966,1
15.57859,56.22387,1
27.825833,62.179167,1
17.137796,60.672789,1
13.6017,55.56711,1
15.76096,60.59234,1
12.54533,63.41576,1
15.04037,59.3883,1
15.841462,59.394226,1
14.48065,59.60659,1
15.10818,56.24762,1
14.047174,55.492511,1
16.00485,59.29296,1
16.01372,58.91782,1
18.21826,59.42687,1
14.398662,58.658764,1
13.350436,58.5602,1
11.25914,58.69046,1
17.75224,59.32423,1
15.14581,59.12774,1
12.91586,59.09471,1
15.99016,58.18831,1
16.42958,62.56252,1
12.01153,57.68273,1
9.940556,57.27,1
16.01455,58.76214,1
15.5805,59.01488,1
16.89559,60.61744,1
13.02043,56.68885,1
18.78973,60.16179,1
16.23075,58.5971,1
16.429118,56.45856,1
13.60499,55.90656,1
16.7962,59.16173,1
17.24644,63.13524,1
12.48643,56.91055,1
17.18678,63.2152,1
14.902221,58.881357,1
14.79627,58.7535,1
11.175614,58.938115,1
12.939299,57.722234,1
12.55593,56.86838,1
12.279086,58.278839,1
13.94351,58.75514,1
15.746352,60.345391,1
11.95994,57.66893,1
13.04894,58.09133,1
28.390556,64.130556,1
12.50805,56.89638,1
13.40664,57.803,1
16.82696,59.08385,1
12.46078,58.69888,1
12.41913,58.71111,1
13.51811,55.96819,1
9.6912,62.5943,1
12.85945,55.93063,1
18.67252,57.57645,1
14.87622,58.27493,1
12.22916,59.02862,1
12.93046,63.39243,1
11.8452,58.06754,1
12.849948,55.41965,1
14.69562,58.38355,1
16.58072,59.08488,1
15.23686,59.38556,1
12.532185,57.931004,1
17.04751,62.30818,1
17.0331,59.34847,1
15.97247,58.51361,1
11.70218,58.34361,1
12.841103,55.98576,1
11.84967,58.06306,1
13.06121,55.59097,1
12.85476,55.9643,1
18.455383,57.769742,1
11.941282,57.616402,1
12.66851,59.09134,1
17.13497,61.27671,1
15.85636,58.72987,1
12.43235,58.75243,1
16.994317,59.101936,1
12.45284,57.70408,1
16.08059,59.39386,1
13.61547,60.03093,1
18.7053,59.759252,1
10.548611,56.286389,1
16.00576,58.78693,1
11.940152,58.347861,1
13.15813,58.68001,1
15.616815,58.411121,1
25.981389,63.681111,1
15.19672,59.28576,1
13.50622,59.37654,1
12.91661,56.40734,1
16.540739,59.61238,1
12.677215,56.782559,1
14.778506,59.783973,1
15.9024,60.47716,1
16.0027,58.20029,1
18.35211,57.60263,1
17.6253,59.87828,1
18.439301,60.339825,1
13.822042,58.712489,1
12.323567,59.030864,1
13.61024,60.02993,1
13.02381,63.75231,1
12.83471,56.27568,1
17.97561,62.6258,1
13.4883,59.96836,1
12.85582,56.14302,1
19.04157,59.77227,1
11.85445,58.06201,1
11.99891,57.70337,1
10.465,56.286944,1
11.94805,57.67772,1
12.82413,59.1611,1
14.48181,59.60585,1
12.12543,57.35042,1
13.02351,55.59028,1
14.27814,55.47339,1
14.000812,56.3807,1
13.109104,55.774288,1
14.66662,58.33411,1
13.70373,55.63314,1
14.1523,55.72912,1
12.489298,56.902094,1
16.09558,59.42363,1
17.625777,59.198477,1
11.90433,58.1307,1
15.25151,56.25552,1
13.73229,55.91852,1
17.07841,58.77407,1
17.57657,60.61026,1
13.88426,55.96328,1
13.93721,55.93126,1
13.20693,55.66957,1
13.80796,56.14523,1
14.20161,55.5935,1
17.38003,59.66635,1
13.864981,60.068702,1
13.82299,63.7137,1
14.94771,59.30621,1
17.38939,59.68455,1
18.150885,57.440825,1
16.459866,56.577145,1
12.42924,58.72623,1
18.49245,59.25194,1
17.04473,61.29908,1
14.1232,55.59811,1
13.59564,60.03809,1
12.74601,56.02206,1
17.855396,59.855955,1
13.505989,59.381584,1
12.99896,60.34239,1
15.68154,59.14256,1
15.73871,56.2393,1
13.49126,55.71739,1
13.09562,55.96992,1
18.37562,57.32117,1
8.45504,61.19094,1
14.16957,59.76306,1
29.188889,65.964444,1
16.69489,58.54533,1
17.89873,62.67953,1
14.96075,58.57211,1
13.02215,55.7211,1
17.26564,59.83639,1
17.45739,58.85403,1
13.193147,55.704215,1
14.42223,56.34152,1
13.07522,55.67086,1
14.99697,60.82217,1
16.82595,57.01846,1
16.10622,58.59592,1
15.27766,56.19628,1
13.77918,58.68855,1
9.85,56.833889,1
15.175,61.72649,1
16.2075,58.58556,1
15.48498,56.16132,1
18.29871,57.64603,1
16.30278,59.09739,1
12.45089,56.93126,1
13.550428,58.161357,1
13.22491,56.07576,1
16.189225,58.590002,1
18.40648,57.73964,1
17.059459,57.244558,1
12.19346,58.24181,1
11.92736,58.33265,1
15.15178,58.34724,1
15.55077,58.73021,1
17.315787,62.476066,1
14.14805,59.31297,1
18.715727,57.892082,1
16.99825,58.79934,1
13.89702,55.94748,1
12.95671,55.77092,1
18.80227,57.70623,1
11.85239,57.66983,1
15.65343,56.32325,1
9.51846,62.53672,1
11.6909,58.46726,1
14.52673,63.19484,1
13.77195,63.4457,1
15.21336,59.24591,1
11.965181,57.704499,1
11.89423,58.94928,1
16.919361,60.153748,1
13.09942,55.70347,1
13.02635,57.70155,1
12.856235,56.673345,1
11.85802,57.67726,1
12.91061,57.70579,1
14.03421,56.25333,1
15.59364,56.1707,1
12.35321,58.7115,1
13.344033,55.664343,1
17.95661,62.81097,1
14.60035,56.35558,1
13.899,58.73517,1
17.009432,58.753584,1
17.92221,62.63908,1
18.34136,59.95768,1
15.64415,56.19883,1
15.51597,56.21197,1
13.80256,57.96932,1
14.70126,56.32612,1
12.86392,56.42889,1
13.95393,55.45329,1
16.46942,56.59609,1
14.709965,58.239765,1
12.69529,59.07999,1
15.22781,59.11237,1
18.26125,59.34362,1
11.25807,58.70525,1
6.89627,62.47619,1
13.13925,63.37867,1
15.61535,58.39942,1
13.67906,62.77453,1
17.98748,62.60622,1
12.34445,58.6723,1
18.511241,57.451957,1
13.669196,55.924466,1
14.12263,55.634915,1
13.33645,55.93731,1
14.588243,56.355502,1
17.941891,62.631051,1
13.818618,55.429296,1
25.268333,60.376944,1
18.345862,57.412792,1
9.401944,56.453056,1
12.208126,57.681478,1
14.833566,56.205714,1
13.3214,55.68815,1
16.716399,60.887258,1
15.5409,59.06724,1
14.867,59.13505,1
11.94585,57.75954,1
17.89557,60.19714,1
12.48425,58.71885,1
12.33566,58.73859,1
15.6248,58.358,1
12.09912,63.31654,1
14.91781,58.30813,1
12.7141,56.07951,1
14.862092,56.171419,1
13.18469,55.71996,1
13.34321,55.67108,1
13.30031,55.93374,1
14.104785,55.724142,1
4.1,51.91,1
5.15,52.25,1
5.2,52.13,1
4.7307,51.8906,1
15.41444,47.07528,1
16.55417,48.07639,1
18.05111,50.00097,1
11.68611,43.88,1
10.70889,44.15472,1
10.38389,44.1975,1
9.75722,46.05056,1
10.80694,44.1175,1
10.80111,44.08278,1
9.79083,46.005,1
10.69028,44.15556,1
11.62444,42.88806,1
10.63,44.12,1
10.71722,44.03667,1
87.25,51.767,1
87.183,51.8,1
87.017,52.283,1
14.84796,58.37676,1
14.98148,58.40893,1
13.340951,55.721666,1
14.286251,55.561307,1
14.14523,55.84794,1
13.26203,55.59656,1
15.39751,56.84496,1
14.25458,55.89922,1
13.42297,55.46424,1
13.97725,55.93478,1
13.94678,55.83448,1
13.42643,55.56817,1
12.928711,63.392857,1
11.175614,58.938115,1
16.450772,57.263261,1
18.77045,60.16384,1
13.906531,55.524772,1
15.450222,60.737664,1
14.03421,56.25333,1
13.09887,55.5863,1
14.22632,55.68596,1
9.838889,61.034444,1
17.62555,59.9269,1
18.390566,59.749179,1
18.439301,60.339825,1
12.78536,56.13712,1
13.82659,56.35937,1
13.02502,55.59476,1
13.7647,55.49285,1
13.08989,55.77033,1
13.83226,57.97014,1
12.279086,58.278839,1
12.703405,59.055812,1
14.48181,59.60585,1
16.46942,56.59609,1
14.43871,56.00958,1
18.531407,57.793219,1
14.02877,56.39288,1
13.17008,55.60642,1
13.822042,58.712489,1
14.16887,55.694767,1
12.849948,55.41965,1
12.99886,55.80765,1
14.18788,56.33792,1
15.69061,56.23049,1
14.29041,56.19278,1
14.45347,57.700788,1
14.26409,55.65862,1
12.9377,55.84253,1
13.11244,55.6515,1
14.06283,55.74003,1
14.1607,56.00441,1
12.532185,57.931004,1
15.62733,58.39944,1
12.633349,56.425278,1
13.818618,55.429296,1
13.64229,56.16534,1
14.082201,56.163189,1
13.76989,56.156775,1
14.00501,55.87487,1
13.33445,55.959448,1
13.78299,55.58434,1
18.27708,59.30047,1
13.621,56.3562,1
13.00025,55.46112,1
13.88371,55.43656,1
12.728153,56.435773,1
14.15263,55.78477,1
13.47711,55.82772,1
13.12635,55.62233,1
15.20728,60.53512,1
12.49815,56.29161,1
14.27991,55.58528,1
13.06121,55.59097,1
13.56204,55.66445,1
18.811554,59.987537,1
13.02215,55.7211,1
12.53701,56.24212,1
18.37158,57.61962,1
14.104785,55.724142,1
17.63442,59.86839,1
17.89557,60.19714,1
11.940152,58.347861,1
14.34568,56.4022,1
15.80128,59.39918,1
11.6909,58.46726,1
12.791624,56.370983,1
13.08309,55.65525,1
14.28798,56.17281,1
18.42294,57.74976,1
16.459866,56.577145,1
13.225203,55.512305,1
18.34136,59.95768,1
13.002764,55.60694,1
13.831679,56.179769,1
13.68025,56.03977,1
-5.76,43.0,1
-2.78,43.05,1
-1.82,40.54,1
-0.42,42.8,1
-2.5,43.1,1
-1.41,40.08,1
-1.4,43.17,1
-3.63,43.19,1
-3.3,43.32,1
-5.03,43.4,1
-1.59,40.75,1
-1.55,39.66,1
-3.12,43.29,1
-1.77,43.34,1
16.04444,48.87167,1
13.00502,55.5312,1
12.87925,55.87044,1
15.61705,58.40162,1
15.05045,58.54978,1
14.87609,58.27527,1
36.30432,54.207093,1
36.331875,54.17766,1
38.455774,53.198942,1
38.441265,53.198613,1
38.684762,53.672164,1
37.710153,54.170512,1
2.4757,41.6083,1
45.28,39.67,1
2.46,41.6,1
2.4257,41.5755,1
1.74,41.59,1
0.56,40.94,1
1.0,42.39,1
2.58,41.6,1
2.82,41.69,1
2.5672,41.625,1
0.99,42.66,1
2.1,41.68,1
1.49,42.22,1
2.81,43.49,1
1.3898,42.1735,1
5.71496,52.0154,1
5.569108,51.970774,1
4.472214,52.237003,1
5.641871,51.970639,1
2.5,42.583333,1
5.642125,52.015579,1
8.1,44.133333,1
3.881446,51.520807,1
5.853417,52.065697,1
5.773769,52.078138,1
7.916667,44.15,1
6.516667,52.783333,1
5.204188,52.24041,1
5.423052,51.296756,1
5.802195,51.997149,1
4.83929,52.1494,1
5.714633,51.97046,1
5.42479,53.417826,1
5.423654,52.060789,1
5.364904,52.887634,1
6.343969,52.137809,1
5.349588,53.40884,1
5.218863,52.231444,1
6.163115,53.487203,1
6.253687,53.495568,1
5.409743,53.408844,1
5.919199,50.801123,1
5.424782,53.40884,1
5.019824,53.282474,1
4.327981,52.145914,1
6.141418,51.384229,1
5.598129,51.952749,1
5.00483,53.282426,1
4.752732,53.092635,1
6.178347,53.49609,1
6.902939,52.680238,1
5.848713,50.846373,1
4.989919,53.273391,1
5.063937,53.298327,1
4.975015,53.264354,1
5.214422,53.36379,1
5.758438,51.988306,1
4.11528,51.919096,1
6.802948,52.789327,1
4.974928,53.27334,1
6.936639,52.796644,1
5.06467,53.300576,1
5.204373,52.195471,1
5.04967,53.300534,1
5.204742,52.105593,1
4.754051,53.002775,1
4.557916,51.563499,1
3.548755,51.552022,1
5.716943,52.285032,1
5.787394,51.970235,1
5.189668,52.213423,1
6.831992,52.771001,1
6.907622,52.814995,1
5.062424,53.30012,1
5.394706,53.417832,1
5.569838,52.150534,1
3.900279,51.826684,1
6.234129,52.507152,1
5.244408,53.381802,1
5.034744,53.291505,1
5.598382,52.006678,1
5.932862,50.75611,1
5.134299,51.656046,1
6.098504,53.227004,1
4.929713,51.88014,1
5.82048,50.864461,1
5.945458,51.807801,1
5.835271,52.392495,1
5.204558,52.150532,1
6.63776,53.231554,1
4.430234,52.146789,1
5.857806,51.745264,1
5.864943,52.419342,1
5.864943,52.419342,1
6.006289,52.01423,1
5.873056,51.817111,1
5.864943,52.419342,1
5.350965,51.791142,1
3.552369,51.462179,1
6.805853,51.962373,1
4.117815,51.829235,1
6.095544,53.047289,1
5.858273,51.790205,1
5.933459,52.01459,1
5.908406,52.365233,1
5.831672,52.032994,1
4.614687,52.462717,1
4.545404,52.237548,1
5.934555,52.104466,1
5.858741,51.835146,1
5.920735,50.935965,1
4.329047,52.100982,1
5.962131,51.978501,1
6.223096,51.923008,1
5.858273,51.790205,1
5.276149,52.734806,1
4.55803,52.345492,1
5.991635,50.91764,1
5.943539,52.823426,1
5.864458,52.374406,1
5.930742,51.789893,1
4.329047,52.100982,1
4.327981,52.145914,1
5.850994,51.767332,1
3.627741,51.373435,1
5.706715,50.846848,1
6.058363,50.86019,1
6.937917,52.832579,1
6.610279,52.791469,1
6.00691,52.059168,1
4.327981,52.145914,1
5.930203,51.744953,1
5.864943,52.419342,1
5.725911,53.453297,1
5.938439,52.419022,1
4.327981,52.145914,1
4.774236,51.564829,1
5.850047,50.981216,1
4.327981,52.145914,1
5.319525,53.39984,1
5.898717,52.796667,1
5.864943,52.419342,1
5.97567,51.691296,1
6.018365,52.867987,1
5.424511,53.094322,1
5.130986,52.240274,1
4.257221,52.055373,1
4.271126,52.082471,1
5.931283,51.834833,1
5.864458,52.374406,1
5.706715,50.846848,1
4.285713,52.082608,1
6.158135,52.372856,1
6.836471,52.905761,1
4.400024,52.19148,1
6.617386,53.043039,1
5.277614,52.150623,1
5.13176,52.105457,1
5.827966,52.395075,1
5.944863,52.684417,1
5.864943,52.419342,1
5.806758,50.91845,1
5.941826,52.688628,1
5.277614,52.150623,1
6.012569,52.463592,1
4.329047,52.100982,1
6.44007,51.876324,1
3.61907,51.598052,1
6.424062,52.14533,1
6.15118,51.968438,1
5.977275,52.023367,1
4.471289,52.281936,1
4.827953,53.048079,1
5.350633,52.195608,1
5.957434,52.751464,1
5.942395,52.733561,1
5.058779,52.105276,1
5.787794,52.015175,1
5.942395,52.733561,1
5.699022,51.8177,1
5.861102,52.059844,1
6.965538,52.364833,1
3.798153,51.429811,1
6.376366,52.281352,1
6.006165,52.005242,1
6.679864,52.637941,1
5.857806,51.745264,1
5.713331,51.790696,1
5.91869,50.756175,1
6.227295,52.147686,1
5.931283,51.834833,1
5.424396,52.959524,1
5.71496,52.0154,1
6.171732,53.136679,1
4.343672,51.471896,1
5.948324,50.863917,1
6.071605,51.519494,1
5.887751,51.795126,1
5.844051,51.817227,1
4.270902,52.091457,1
5.523115,52.855961,1
5.848713,50.846373,1
6.022255,52.113015,1
5.778466,50.936528,1
4.401019,52.146548,1
5.944904,51.762861,1
6.61995,53.132883,1
5.133796,51.745931,1
6.913925,52.994666,1
5.791445,52.419616,1
5.722041,52.959059,1
4.616257,52.37285,1
5.929988,51.726976,1
5.801182,53.45306,1
6.006289,52.01423,1
6.296682,51.967405,1
5.928035,52.769576,1
5.891021,50.819228,1
5.873056,51.817111,1
5.876548,50.79232,1
6.787992,52.322129,1
6.395854,53.134992,1
5.638129,51.296494,1
5.860627,52.014905,1
5.860154,51.969966,1
6.800652,52.25906,1
6.733124,51.963226,1
5.277614,52.150623,1
5.206198,51.746065,1
5.412811,52.922043,1
5.94264,51.822753,1
6.006289,52.01423,1
4.616257,52.37285,1
4.271126,52.082471,1
5.945458,51.807801,1
5.523263,52.865325,1
5.785407,51.745532,1
5.779221,51.026423,1
6.224769,52.01288,1
5.806275,50.864513,1
6.733124,51.963226,1
6.602478,53.043193,1
6.4172,52.146181,1
4.328834,52.109969,1
5.930203,51.744953,1
6.097761,53.182076,1
5.858273,51.790205,1
5.791445,52.419616,1
4.91519,51.880083,1
6.161279,52.552588,1
5.692339,50.819916,1
5.495463,51.602337,1
5.846336,52.041926,1
5.379895,52.132698,1
3.627741,51.373435,1
5.641871,51.970639,1
5.997856,52.463668,1
6.156575,52.282988,1
5.930203,51.744953,1
6.29942,52.102209,1
4.401019,52.146548,1
4.257221,52.055373,1
5.923413,52.392128,1
6.00048,52.65239,1
5.798584,53.183483,1
5.930203,51.744953,1
5.278273,51.88098,1
5.933699,50.828026,1
4.572704,52.345595,1
5.572836,52.869518,1
5.864458,52.374406,1
5.942395,52.733561,1
6.733124,51.963226,1
4.25654,52.082332,1
5.732436,52.39284,1
5.204742,52.105593,1
5.541644,52.855858,1
5.873153,51.826099,1
4.622454,52.013369,1
4.542842,52.372348,1
5.952022,51.16955,1
6.455031,52.505365,1
5.965724,52.257113,1
4.616257,52.37285,1
4.327981,52.145914,1
5.204188,52.24041,1
5.713008,51.745755,1
6.521734,52.235104,1
5.786199,51.835414,1
5.714633,51.97046,1
5.277614,52.150623,1
5.560737,52.893207,1
5.858273,51.790205,1
5.716611,52.240094,1
5.057783,52.240092,1
4.343672,51.471896,1
5.717277,52.32997,1
6.006413,52.023217,1
5.927924,52.760589,1
5.727961,51.808632,1
4.847411,51.475299,1
6.767892,53.086324,1
5.205474,51.925832,1
6.006413,52.023217,1
6.232407,52.417287,1
5.786199,51.835414,1
6.617642,53.052024,1
4.28527,52.100581,1
5.778177,52.581434,1
5.941257,52.643695,1
5.496782,52.150624,1
5.91971,50.846071,1
4.329047,52.100982,1
3.983934,51.468141,1
5.891505,50.864176,1
6.015772,52.688259,1
5.874998,51.99687,1
5.204558,52.150532,1
6.156575,52.282988,1
4.27062,51.516169,1
6.006289,52.01423,1
6.012569,52.463592,1
5.917826,52.319407,1
5.816755,51.997096,1
6.679864,52.637941,1
6.325513,52.760053,1
5.350744,52.060789,1
6.393756,53.045141,1
3.910545,51.512187,1
5.834999,52.365533,1
5.523115,52.855961,1
4.317639,51.563873,1
5.834599,50.855418,1
6.468302,53.044487,1
4.544552,52.282482,1
4.914999,52.061327,1
5.949351,53.272732,1
6.75511,52.682035,1
6.090438,52.732776,1
5.913833,52.011,1
5.642125,52.015579,1
6.1535,52.4835,1
5.678147,50.819952,1
0.75,43.366667,1
5.56929,52.015714,1
6.021109,52.032128,1
5.206914,51.566293,1
5.204926,52.060653,1
6.302964,52.982966,1
5.00491,53.27344,1
5.019746,53.29146,1
5.259437,53.381819,1
5.758364,51.979318,1
5.725911,53.453297,1
4.845812,51.610125,1
6.140552,52.202199,1
6.318239,53.000821,1
4.912819,52.104779,1
5.858554,51.81717,1
4.684669,52.687839,1
5.206557,51.656179,1
6.138584,52.085367,1
4.782208,53.119748,1
6.329933,52.164887,1
5.692398,50.828906,1
5.963082,50.908795,1
6.147889,53.478315,1
6.147729,53.46933,1
5.06839,53.30463,1
5.927529,51.520245,1
6.162951,53.478218,1
5.199399,53.363767,1
7.037244,52.318911,1
5.65064,53.453486,1
5.985825,52.661453,1
6.224359,52.767856,1
5.787794,52.015175,1
4.754708,52.957845,1
4.686108,52.597975,1
6.193075,53.478019,1
6.001382,51.654715,1
5.522849,52.837233,1
4.114009,51.964026,1
5.942395,52.733561,1
5.785802,51.790473,1
5.873153,51.826099,1
5.930742,51.789893,1
5.692398,50.828906,1
6.015772,52.688259,1
7.038917,52.36383,1
4.696665,51.923945,1
6.746041,51.909145,1
5.678091,50.810963,1
4.329047,52.100982,1
5.713008,51.745755,1
6.009409,52.238915,1
6.61995,53.132883,1
4.755363,52.912914,1
5.787794,52.015175,1
5.923413,52.392128,1
5.858741,51.835146,1
6.256338,52.138487,1
5.989665,50.76482,1
6.376766,52.299325,1
7.059341,52.902833,1
3.844606,51.331544,1
6.1701,53.046822,1
5.772996,51.988259,1
5.809262,52.376494,1
5.930203,51.744953,1
6.141769,52.274095,1
4.754708,52.957845,1
4.299424,52.118689,1
5.204003,52.285348,1
4.551638,51.905027,1
5.923842,51.20564,1
5.923413,52.392128,1
5.541355,52.837138,1
4.31467,52.091864,1
4.330109,52.05605,1
6.579796,52.216556,1
5.680228,50.812306,1
5.787394,51.970235,1
5.786199,51.835414,1
6.013206,52.508526,1
4.616257,52.37285,1
5.523529,52.884053,1
6.14068,51.339287,1
5.204558,52.150532,1
5.940126,52.553827,1
6.00567,51.969292,1
5.787794,52.015175,1
5.920735,50.935965,1
6.079395,52.0318,1
4.371599,52.155286,1
5.77734,50.801683,1
5.850047,50.981216,1
5.791445,52.419616,1
5.942395,52.733561,1
5.964976,52.000526,1
5.820581,52.39255,1
5.043906,52.141186,1
5.146502,52.078524,1
4.929713,51.88014,1
5.848713,50.846373,1
5.423617,52.015849,1
5.979183,52.581094,1
6.815294,52.258884,1
6.806421,51.980343,1
6.507217,52.819448,1
4.857628,51.834895,1
6.003515,52.868065,1
5.933459,52.01459,1
5.915619,51.73603,1
5.787714,52.006187,1
5.787794,52.015175,1
5.898612,52.78768,1
5.322402,51.494503,1
4.845276,51.655067,1
5.277503,52.195562,1
6.00321,51.789536,1
5.988664,52.868141,1
4.81316,53.039022,1
6.694642,53.132087,1
5.849156,50.891321,1
3.946146,51.296878,1
3.547667,51.578974,1
5.277614,52.150623,1
5.920427,50.908997,1
4.754708,52.957845,1
5.829022,51.763353,1
4.331169,52.011117,1
4.683222,52.777703,1
5.732436,52.39284,1
6.015772,52.688259,1
5.278491,51.791097,1
4.478627,51.922463,1
6.95794,52.976118,1
6.009409,52.238915,1
3.838541,51.511258,1
5.292206,52.159624,1
6.012569,52.463592,1
6.023634,53.227427,1
5.423617,52.015849,1
5.791035,52.374679,1
4.993301,52.904955,1
5.641111,51.835816,1
5.932913,51.969651,1
6.44535,52.10099,1
5.864458,52.374406,1
5.942966,52.778494,1
5.931283,51.834833,1
5.351037,51.701256,1
5.277503,52.195562,1
5.13176,52.105457,1
6.693281,53.087166,1
4.344696,51.426959,1
6.034048,50.899433,1
5.706715,50.846848,1
5.887546,51.785761,1
5.835271,52.392495,1
6.009409,52.238915,1
4.401019,52.146548,1
5.706408,50.801899,1
5.350062,52.869656,1
4.415626,52.146669,1
3.76654,51.510285,1
6.012569,52.463592,1
6.394803,53.090067,1
5.93788,52.374087,1
6.660391,51.964035,1
6.834974,52.860841,1
5.277614,52.150623,1
4.328621,52.118955,1
4.425652,51.554974,1
4.286376,52.055649,1
5.802195,51.997149,1
5.872863,51.799135,1
6.047656,52.840867,1
4.755363,52.912914,1
5.641363,51.880758,1
4.473138,52.19207,1
7.010554,52.391189,1
3.6671,51.472909,1
7.059341,52.902833,1
6.394803,53.090067,1
5.706715,50.846848,1
5.469334,52.987324,1
5.932913,51.969651,1
5.942395,52.733561,1
4.769964,51.87941,1
6.668088,52.233607,1
4.332226,51.966184,1
6.73178,51.918298,1
4.327981,52.145914,1
5.792069,50.864563,1
4.550807,51.658434,1
5.83293,51.767482,1
6.115255,52.220784,1
5.778089,50.89158,1
6.116603,52.525909,1
6.394803,53.090067,1
6.907622,52.814995,1
6.072955,51.609375,1
5.773376,52.414229,1
6.140239,51.312322,1
6.178347,53.49609,1
5.203966,52.294336,1
5.919505,50.828092,1
5.989785,52.949018,1
5.938439,52.419022,1
5.858741,51.835146,1
5.541781,52.865222,1
4.401019,52.146548,1
4.471289,52.281936,1
6.814717,52.240914,1
5.858273,51.790205,1
5.133796,51.745931,1
5.990706,50.845726,1
5.829197,51.78133,1
5.945458,51.807801,1
4.04262,51.918288,1
5.945266,52.958222,1
5.707022,50.891796,1
5.074131,51.997461,1
4.543698,52.327415,1
6.702888,53.401602,1
5.791445,52.419616,1
5.846336,52.041926,1
5.848713,50.846373,1
4.342799,52.137058,1
5.920427,50.908997,1
6.29942,52.102209,1
6.988369,52.993687,1
4.385806,52.173384,1
4.185542,52.009721,1
5.791445,52.419616,1
6.9917,53.083518,1
5.574383,53.228977,1
6.079118,52.013825,1
4.299862,52.100716,1
5.706408,50.801899,1
5.785407,51.745532,1
5.35067,52.150669,1
5.277503,52.195562,1
5.277835,52.060743,1
5.375508,52.90347,1
6.076769,52.804754,1
4.368033,52.139067,1
4.578367,52.393683,1
9.216667,47.133333,1
-4.559219,42.87972,1
-2.45,41.766667,1
6.064959,52.040872,1
14.98543,58.40336,1
15.67408,58.29434,1
14.89014,58.44854,1
14.63058,58.30209,1
15.85771,58.4154,1
15.0867,58.39475,1
14.66654,58.33474,1
15.60618,58.41282,1
15.15623,58.72944,1
16.66361,49.22611,1
18.06278,49.47611,1
16.97556,49.46778,1
17.70806,49.35944,1
16.03528,49.25833,1
16.34944,49.47889,1
17.63722,49.31694,1
16.02278,49.5625,1
14.94389,49.06139,1
16.6275,49.49528,1
16.36194,49.49472,1
15.74667,49.33028,1
16.65083,49.30139,1
16.05389,49.9425,1
16.63444,49.27194,1
16.20944,49.29139,1
17.7275,49.04917,1
16.45167,49.07694,1
15.78167,49.63111,1
15.81194,49.61444,1
17.65861,49.38528,1
18.78472,49.62583,1
15.91583,49.37028,1
16.53861,49.16167,1
15.96139,49.35139,1
14.92083,49.03306,1
16.36333,49.26528,1
17.05472,50.19972,1
16.31556,48.93972,1
16.05472,49.77528,1
16.50694,49.13694,1
15.74639,49.04417,1
16.64361,49.355,1
15.96111,49.37556,1
16.51972,49.23278,1
18.17417,49.53417,1
16.08472,49.75639,1
15.965,49.33667,1
16.75889,48.9925,1
16.84278,48.97889,1
18.77111,49.61722,1
16.9475,49.1125,1
16.57361,49.20306,1
16.6175,49.26472,1
16.55306,49.2875,1
16.69556,49.51,1
17.12944,49.47222,1
16.00361,48.84389,1
17.64167,48.92083,1
16.65917,49.30083,1
16.7525,49.19278,1
16.80333,49.21722,1
16.40028,49.61167,1
16.05111,48.8625,1
16.01444,48.84139,1
16.00417,49.16278,1
-6.71,43.04,1
-5.88,40.25,1
-6.7,43.03,1
-7.71,40.35,1
-5.79,40.3,1
39.263703,54.925546,1
15.016667,40.866667,1
36.510395,55.751028,1
38.296932,55.455954,1
37.594442,54.857146,1
37.604227,55.840434,1
37.549544,54.854182,1
36.8405,55.507167,1
37.806667,55.684667,1
36.972012,56.183972,1
36.767803,56.232111,1
36.718111,55.685037,1
37.7909,55.724664,1
36.97154,56.184235,1
37.078364,55.678754,1
37.033333,55.733333,1
36.51098,55.751372,1
37.619025,55.565393,1
37.55752,54.859186,1
37.865867,56.018549,1
37.616332,55.843394,1
36.190024,55.561553,1
37.561741,55.549869,1
37.4846,55.55,1
38.159389,55.592156,1
37.619588,55.843355,1
37.076792,55.796635,1
38.163479,55.597342,1
38.150986,54.944088,1
37.796833,55.688333,1
38.87392,55.392177,1
37.579273,55.603775,1
37.0535,55.823,1
37.089897,55.66392,1
37.827333,55.684333,1
37.80665,55.684667,1
37.626953,55.562707,1
36.510041,55.569047,1
37.325003,55.733355,1
37.099972,55.642469,1
37.854504,55.703306,1
36.982264,56.185842,1
36.684472,55.680498,1
37.598286,56.531293,1
38.156633,56.054764,1
37.748735,55.92818,1
38.781618,55.503364,1
37.723667,55.9505,1
22.15,38.7,1
6.01782,49.4733,1
6.0111,49.4624,1
6.02936,49.7445,1
6.35435,49.4702,1
5.9464,49.6815,1
6.24874,49.8462,1
6.21669,49.7716,1
9.588977,60.89966,1
10.46469,61.146159,1
10.763066,59.828121,1
16.81417,48.965,1
16.96278,49.31556,1
16.02333,48.84361,1
16.63778,48.80556,1
16.00583,48.84139,1
16.01667,48.84472,1
16.50444,49.22083,1
18.76583,49.6225,1
15.78972,49.37722,1
15.78194,48.95417,1
17.69083,49.57917,1
17.625,49.54778,1
18.12639,49.59611,1
17.29972,48.95167,1
16.57778,49.31222,1
16.81611,49.29083,1
16.92306,48.94139,1
17.30889,49.53833,1
16.41333,49.16861,1
14.89756,50.41089,1
16.98333,49.26667,1
16.00944,49.84583,1
17.00528,49.21861,1
16.38944,49.51167,1
16.9925,49.28028,1
18.33167,49.56056,1
16.54139,49.19444,1
16.14444,49.65528,1
16.04889,48.85556,1
16.34583,49.15917,1
16.92306,49.19194,1
16.62972,48.78972,1
14.57889,50.67722,1
16.73472,49.37,1
16.98167,49.19667,1
16.95944,49.37556,1
14.32333,50.09944,1
17.21417,50.10194,1
16.03889,48.85556,1
18.34389,49.62,1
16.03222,48.83472,1
16.98778,49.29694,1
16.42361,49.91139,1
16.97778,48.94444,1
16.28028,49.41028,1
18.36694,49.66583,1
16.66028,49.19417,1
17.29111,48.95833,1
17.01417,49.32944,1
14.85111,50.695,1
18.325,49.70611,1
15.59472,49.17861,1
16.64333,48.94306,1
16.21444,49.77417,1
16.03444,48.85444,1
16.09083,48.84389,1
16.08139,49.61139,1
15.95611,48.84917,1
17.01028,49.24361,1
16.37556,49.18194,1
17.47611,49.54528,1
17.00389,49.70056,1
18.35583,49.61778,1
16.80389,48.91389,1
18.13917,49.48611,1
16.34556,50.37944,1
16.33306,49.55,1
16.56778,49.18333,1
14.64444,50.84667,1
16.37389,49.12722,1
17.22556,49.13083,1
18.01444,49.43417,1
16.38917,49.14083,1
17.71333,49.08389,1
17.09778,49.45556,1
16.32972,49.45667,1
16.93667,49.27667,1
16.26583,49.10139,1
16.56556,49.19167,1
16.99639,49.54139,1
16.01389,48.83472,1
18.41028,49.66722,1
16.00222,48.83278,1
15.61361,49.66444,1
14.92389,50.40667,1
17.05778,49.33444,1
18.3025,49.53806,1
17.32472,49.52,1
16.64639,49.19583,1
17.8725,49.38389,1
18.40222,49.57333,1
17.28139,49.12889,1
18.44389,49.55417,1
16.25,49.50917,1
17.39056,49.5875,1
16.10556,48.84,1
15.27917,49.16389,1
16.39222,49.14722,1
16.005,48.84111,1
16.90167,49.24417,1
17.15556,49.06,1
18.28639,49.545,1
16.03889,48.84583,1
15.815,48.88944,1
16.12311,48.83717,1
17.29306,49.35278,1
18.51528,49.65111,1
18.37306,49.69889,1
16.3425,49.08917,1
18.28639,49.545,1
16.77417,48.77722,1
16.0475,48.87083,1
16.62667,49.17083,1
16.50444,49.22056,1
16.01944,48.82639,1
16.56722,49.22611,1
17.08389,49.30639,1
12.70639,49.93528,1
16.0875,48.86722,1
17.30694,50.07306,1
16.97222,49.31556,1
17.00028,49.23056,1
18.39333,49.67778,1
17.22583,49.5725,1
14.87944,50.43,1
16.8525,48.76111,1
16.84333,48.99833,1
15.995,48.84,1
16.28139,49.63389,1
13.42583,49.3425,1
18.36389,49.66806,1
18.10528,49.84389,1
16.00083,48.81667,1
16.73167,48.76333,1
16.55083,49.18417,1
13.31278,49.10472,1
17.16944,49.55889,1
16.03722,48.85778,1
18.41361,49.57222,1
16.00222,48.84333,1
14.92056,50.42528,1
16.00333,48.84333,1
16.98444,49.19722,1
15.48444,49.23111,1
16.00694,49.03889,1
17.98667,49.22528,1
16.56611,49.19861,1
16.1725,48.80389,1
16.89861,49.44417,1
16.97972,49.29444,1
14.89833,50.45833,1
17.06444,49.42056,1
16.03111,48.85528,1
16.04333,48.85194,1
14.91306,50.40972,1
14.89194,50.42389,1
17.62833,49.51778,1
16.12361,48.82972,1
16.115,48.83528,1
16.54167,49.19389,1
16.04778,48.87222,1
16.38694,49.21333,1
16.53,49.17556,1
13.3775,49.7475,1
18.42194,49.66278,1
17.10472,50.16944,1
13.35194,49.69694,1
17.01583,49.24389,1
17.03333,49.21667,1
17.38,49.57278,1
16.76806,49.11444,1
16.67194,49.22333,1
16.38361,49.89917,1
16.00944,48.83472,1
16.53694,48.84833,1
17.14472,49.45667,1
15.26306,50.59444,1
16.24083,49.14056,1
17.07222,49.34028,1
18.27417,49.43889,1
16.03444,48.86194,1
14.58167,50.85722,1
16.91361,49.24667,1
16.5275,49.17528,1
16.58556,49.19444,1
16.58083,49.55333,1
16.34778,49.87472,1
17.91611,49.26472,1
16.05,48.83333,1
17.04361,49.58333,1
17.98889,49.47778,1
18.40444,49.66917,1
16.98917,49.53194,1
16.68944,49.76667,1
16.9925,49.28028,1
16.03722,48.88556,1
15.67444,48.91111,1
16.20361,49.58778,1
18.35556,49.68528,1
16.0725,48.85722,1
13.3975,49.81333,1
16.675,49.19,1
14.9225,50.39278,1
18.46417,49.40556,1
16.02417,48.84139,1
16.41889,49.4,1
18.06028,49.31028,1
16.30556,49.90333,1
18.29694,49.55278,1
16.575,49.19611,1
17.15611,48.91417,1
16.535,49.59611,1
18.12,49.40083,1
13.40278,49.80639,1
16.96667,49.3675,1
17.71667,49.56667,1
16.28833,49.17083,1
17.69444,49.54944,1
16.28472,49.84361,1
16.0175,48.82083,1
17.11139,49.47861,1
16.97639,50.01028,1
16.68028,49.21667,1
17.42417,49.29667,1
16.01111,48.83972,1
16.6425,49.21056,1
18.36861,49.71833,1
16.41583,49.35778,1
16.03833,48.85611,1
17.02194,49.24806,1
18.34444,49.71167,1
18.15889,49.91472,1
15.78111,48.915,1
18.52722,49.62222,1
15.78167,49.63583,1
16.0975,49.64111,1
17.17944,49.57194,1
16.04361,48.85389,1
14.89944,50.43278,1
16.97972,49.98083,1
15.96806,48.82722,1
13.51111,49.81139,1
15.49083,49.07722,1
17.53639,49.54611,1
16.89944,50.03333,1
16.18472,49.11111,1
16.03694,48.85556,1
16.51722,49.19639,1
17.18194,50.11167,1
17.36667,50.13333,1
13.42778,49.76694,1
16.57833,49.54833,1
16.66583,49.23861,1
16.75528,49.19333,1
16.96556,49.31222,1
14.8375,50.94278,1
16.07361,48.8575,1
16.01,48.79306,1
17.265,49.6175,1
16.89694,49.27333,1
16.54806,49.12944,1
16.0475,48.8725,1
16.96278,49.31556,1
16.32917,49.07111,1
13.55861,49.25528,1
16.82972,49.0125,1
18.33333,49.7,1
18.27139,49.69083,1
15.47861,49.32139,1
16.97056,49.96528,1
16.58306,49.91889,1
15.31889,49.00917,1
16.75694,49.19306,1
16.66917,49.24778,1
16.01,48.80472,1
16.05528,48.85111,1
16.74917,49.60972,1
16.82361,49.50806,1
17.26944,48.95028,1
16.6725,49.12194,1
16.48389,49.31917,1
15.76,49.24389,1
17.55833,49.56083,1
17.18361,49.55139,1
15.71306,49.62917,1
17.05056,49.59139,1
17.18917,49.15417,1
16.01972,48.81972,1
16.99417,49.54056,1
16.64306,48.94417,1
16.20944,49.75306,1
16.11639,48.84722,1
16.24306,49.89417,1
17.58639,49.5275,1
14.82861,50.29583,1
18.30556,49.56944,1
17.28556,48.95667,1
16.55111,49.25944,1
16.05667,48.83389,1
16.3375,49.93528,1
18.32083,49.70944,1
16.33139,49.86639,1
17.51944,48.88944,1
18.36472,49.71889,1
17.04833,49.6275,1
16.5525,49.18306,1
17.00592,49.24158,1
16.03222,48.84528,1
16.5625,49.18167,1
16.66361,49.22139,1
14.89778,50.43528,1
18.4125,49.51944,1
16.33056,49.12861,1
16.09833,48.82944,1
15.63333,49.40417,1
18.42167,49.53389,1
16.415,49.35694,1
18.36889,49.64944,1
17.03861,50.19861,1
16.55278,49.18472,1
16.01417,48.82806,1
18.32056,49.71028,1
16.97861,49.19694,1
16.275,49.37056,1
16.35944,48.98389,1
15.70083,48.94111,1
17.05806,49.33444,1
13.41389,49.77222,1
18.34889,49.695,1
16.41222,49.28444,1
16.60806,49.19528,1
16.48056,49.06639,1
16.58056,49.15583,1
16.95917,49.54472,1
16.0375,48.86,1
17.05833,49.51389,1
15.60083,50.73472,1
16.10889,49.65917,1
18.37167,49.70111,1
16.89639,49.19417,1
15.55306,49.68083,1
17.58,49.49389,1
17.01139,49.70861,1
16.9625,49.1925,1
16.21056,49.47694,1
18.37056,49.69611,1
17.04056,50.03194,1
16.08694,49.55806,1
14.96472,50.86111,1
16.73306,49.25778,1
17.11111,50.31028,1
16.01,48.80333,1
15.72361,49.46556,1
17.05639,49.63222,1
17.56,49.55694,1
16.48111,49.07417,1
18.41139,49.66417,1
16.7225,49.19944,1
16.18778,48.82389,1
18.40972,49.52972,1
17.12972,49.3225,1
16.58694,49.26833,1
17.83111,48.97194,1
16.49528,49.32556,1
17.41083,49.50111,1
16.7725,49.40667,1
16.00972,48.80417,1
17.28861,48.96056,1
16.18778,50.38333,1
16.99611,49.085,1
17.52722,48.86889,1
17.95583,48.90083,1
19.8175,48.18722,1
14.24778,49.94778,1
17.56306,48.87111,1
14.67389,48.61333,1
17.41889,48.85722,1
20.46944,48.48056,1
20.77444,48.98278,1
16.07667,49.39528,1
14.76194,49.07056,1
16.09667,48.82917,1
14.58861,48.96028,1
19.34222,49.15139,1
15.79306,49.77611,1
20.50722,48.54944,1
15.6,48.94333,1
18.04361,49.06056,1
16.07222,49.40417,1
16.00889,48.82028,1
14.60778,50.60889,1
21.76944,48.41556,1
17.29083,48.95833,1
14.0875,49.92667,1
16.48472,49.30333,1
18.67806,47.90694,1
16.36861,49.97639,1
17.00167,49.00583,1
13.77111,50.40583,1
16.52444,49.19639,1
15.29583,49.62111,1
18.15139,49.35667,1
14.77278,50.8,1
16.64306,48.865,1
16.75278,48.965,1
17.095,48.8775,1
16.38889,48.80972,1
15.40333,50.58806,1
17.25917,48.92194,1
15.99861,48.8125,1
16.805,48.80028,1
16.15528,48.82028,1
15.81194,49.91389,1
17.25278,48.91861,1
16.75306,48.96361,1
16.625,48.82083,1
15.7175,50.10667,1
16.64389,48.86417,1
16.75306,48.7275,1
14.805,50.51472,1
16.71944,48.84417,1
16.63944,48.81694,1
15.78889,49.89333,1
16.65056,48.86667,1
15.94444,48.83,1
18.66861,49.60861,1
16.09694,48.89639,1
18.80194,49.65167,1
16.83417,48.75806,1
16.01306,48.92444,1
16.0025,48.81361,1
17.26194,48.92306,1
16.69333,48.79111,1
16.55306,48.8525,1
16.62694,48.82556,1
16.63306,48.86222,1
16.6875,48.8025,1
16.69306,48.79167,1
16.64333,48.83722,1
18.46861,49.45472,1
16.67528,49.46333,1
16.33361,49.50389,1
18.09083,49.15889,1
16.68389,49.25222,1
17.8725,49.40056,1
16.49889,49.50583,1
14.92472,49.06833,1
15.83056,49.625,1
16.93889,48.63,1
16.47333,49.50167,1
17.90583,49.40417,1
16.1175,49.31056,1
16.61861,49.47139,1
15.85361,49.56556,1
15.82639,49.64778,1
15.89639,49.5675,1
16.89694,48.87167,1
17.33972,48.99889,1
17.95944,49.24111,1
16.555,49.17972,1
16.94,49.11861,1
16.54389,49.18389,1
16.56833,49.23806,1
16.01778,49.46583,1
15.37472,49.19389,1
16.9725,49.13417,1
15.96417,49.64583,1
12.78167,50.05306,1
12.78167,50.05306,1
16.62417,48.8225,1
16.28431,49.19167,1
14.29417,48.81944,1
17.15,48.88778,1
16.14889,48.745,1
24.45,48.08444,1
15.69806,48.96028,1
16.21056,49.99528,1
16.22278,49.99556,1
17.66472,49.18778,1
17.66806,49.20028,1
18.05167,49.21722,1
17.04611,49.15667,1
17.05389,49.14806,1
17.04611,49.1575,1
17.61139,49.09694,1
18.03056,49.43861,1
15.64472,48.99944,1
15.58028,49.02917,1
16.81083,49.2675,1
15.71111,49.38694,1
16.32139,49.04917,1
17.67611,48.85861,1
18.00639,49.07917,1
17.39083,48.83194,1
17.68889,48.86306,1
17.90889,48.99083,1
18.06167,49.13917,1
17.5625,48.95694,1
17.38278,48.95167,1
17.87611,49.10444,1
17.78028,48.93694,1
17.47778,49.95083,1
8.26444,53.10778,1
17.54806,50.02778,1
13.54889,49.67278,1
14.25534,58.30659,1
15.29167,58.62103,1
11.46,48.07,1
11.59,48.19,1
11.71,48.17,1
11.46,48.12,1
11.62,48.12,1
11.54,48.17,1
11.71,48.12,1
11.5,48.16,1
11.79,48.17,1
11.37,48.22,1
11.47,48.14,1
11.49,48.16,1
11.51,48.14,1
11.55,48.12,1
11.63,48.21,1
11.71,48.22,1
11.62,48.27,1
11.53,48.09,1
11.43,48.12,1
11.79,48.27,1
11.53,48.07,1
11.37,48.02,1
11.46,48.17,1
11.49,48.14,1
11.61,48.06,1
11.51,48.17,1
11.68,48.09,1
11.38,48.19,1
11.62,48.07,1
11.59,48.02,1
11.59,48.17,1
11.59,48.14,1
11.49,48.17,1
11.37,48.12,1
11.46,48.22,1
11.61,48.28,1
11.37,48.07,1
11.62,48.17,1
11.62,48.22,1
11.37,48.17,1
11.51,48.12,1
11.54,48.12,1
11.63,48.18,1
11.57,48.09,1
11.46,47.87,1
11.55,48.07,1
11.51,48.16,1
11.55,48.08,1
11.87,48.07,1
11.4,48.11,1
11.63,48.19,1
11.45,48.16,1
11.46,48.32,1
11.57,47.98,1
11.59,48.27,1
11.57,48.16,1
11.46,48.27,1
11.54,48.22,1
11.56,49.91,1
11.58,48.15,1
11.21,47.97,1
11.43,48.13,1
12.55,47.87,1
10.85,49.91,1
12.98,47.61,1
11.71,48.17,1
11.08,47.43,1
10.44,48.81,1
11.61,48.26,1
11.52,50.09,1
11.37,48.02,1
11.21,47.92,1
10.12,47.62,1
9.62,49.77,1
10.23,47.39,1
9.77,49.99,1
11.02,47.76,1
12.85,47.64,1
9.98,50.41,1
11.21,47.62,1
10.6,50.06,1
10.64,47.64,1
10.02,50.39,1
9.6,49.89,1
13.56,48.94,1
11.46,48.17,1
11.71,48.37,1
11.55,48.09,1
12.85,47.59,1
11.54,47.52,1
9.71,49.97,1
10.75,47.55,1
11.54,47.67,1
11.58,48.25,1
11.71,48.12,1
10.21,47.47,1
10.21,49.77,1
9.93,49.81,1
10.36,48.17,1
9.79,49.87,1
12.04,48.52,1
9.29,50.07,1
10.04,50.47,1
9.98,50.14,1
10.69,48.79,1
10.79,47.57,1
10.21,47.42,1
11.44,47.89,1
11.27,48.24,1
10.23,47.34,1
10.96,49.92,1
11.87,47.67,1
11.42,48.05,1
11.5,49.6,1
11.92,47.66,1
11.59,48.19,1
10.29,47.57,1
11.12,48.82,1
10.87,48.07,1
10.04,49.72,1
9.71,49.87,1
12.12,48.57,1
11.21,47.67,1
9.58,50.05,1
10.24,47.29,1
10.85,47.56,1
11.07,49.72,1
9.81,49.84,1
11.12,47.62,1
10.37,49.17,1
12.21,49.02,1
10.96,49.97,1
11.46,48.27,1
11.46,48.22,1
10.53,48.74,1
11.46,48.32,1
11.77,48.16,1
10.35,47.41,1
10.88,48.64,1
11.37,47.87,1
11.12,48.91,1
11.81,47.69,1
9.58,50.04,1
10.96,48.87,1
11.37,50.12,1
12.46,47.92,1
11.06,50.04,1
12.14,49.04,1
10.04,49.82,1
10.35,47.36,1
10.37,47.47,1
14.65694,58.11956,1
14.62734,58.16475,1
14.70805,58.11813,1
14.80422,58.25172,1
14.84272,58.42152,1
14.8907,58.5864,1
14.56694,58.12849,1
14.91812,58.23347,1
14.66278,58.30019,1
14.66459,58.16705,1
15.82972,48.61861,1
17.03941,57.28914,1
15.86421,57.91477,1
11.29431,44.13416,1
11.317978,44.150766,1
16.02175,58.33618,1
15.51756,58.4821,1
12.29458,58.39924,1
12.78969,56.65525,1
16.69297,58.27526,1
14.59653,58.19392,1
15.67507,58.4017,1
12.83964,59.14178,1
10.400475,51.99624,1
7.022667,48.063889,1
-3.230501,56.069408,1
7.046343,45.371404,1
9.695941,46.403484,1
5.168899,52.227025,1
-3.158856,55.948372,1
10.870639,56.309722,1
6.166667,46.116667,1
11.589901,50.928782,1
-2.932531,56.212383,1
5.456101,51.352662,1
17.030844,59.377475,1
3.934524,51.817144,1
21.753743,63.050657,1
25.094886,60.352484,1
2.7,42.1,1
12.40647,57.21411,1
12.75352,56.66977,1
22.359362,60.464862,1
22.918074,60.146187,1
23.78904,61.305066,1
21.266257,60.516718,1
24.482492,61.240209,1
6.9061,59.8957,1
9.928,59.779,1
10.1554,59.7566,1
10.1718,59.7576,1
9.2114,60.9775,1
9.1923,60.9797,1
9.1643,60.9892,1
9.1048,61.0152,1
9.1639,60.9892,1
12.80156,59.31952,1
12.74821,59.62616,1
14.15022,57.42721,1
13.40081,56.51036,1
5.6252,58.7399,1
13.29904,55.65825,1
17.23752,59.11492,1
14.60699,57.93791,1
14.798342,56.334558,1
15.548333,47.113333,1
27.7,61.266667,1
7.8506,58.1507,1
47.209032,56.602783,1
9.8993,59.7732,1
7.2198,59.8114,1
7.1969,59.8241,1
10.3304,59.8684,1
22.683333,43.611111,1
10.16,47.62,1
13.02,48.26,1
9.69,50.06,1
10.84759,44.0943,1
11.65807,43.92993,1
6.6221,60.2739,1
5.8442372982302,60.8238438674575,1
-3.8335,40.9883,1
-2.4047,38.521,1
-1.5151,43.0712,1
-4.3505,42.9828,1
-3.9658,41.0954,1
-5.0128,40.3216,1
-4.0872,41.7392,1
-7.8452,41.3405,1
15.85084,46.9006,1
15.30083,47.09167,1
15.47938,47.09991,1
15.29806,47.09611,1
14.69197,47.17892,1
12.84583,46.70056,1
15.26667,46.85,1
15.40519,47.11638,1
15.44156,47.11407,1
15.48833,47.12167,1
15.44222,47.07194,1
15.74472,47.33389,1
10.77972,46.75889,1
15.65,47.6175,1
11.61472,46.55111,1
13.87833,47.37083,1
16.555,47.85778,1
16.09444,46.87611,1
16.91972,47.90667,1
6.57689,46.907108,1
11.46,47.52,1
14.811873,56.877485,1
16.225,48.21861,1
15.16837,48.96476,1
6.00314,49.4999,1
6.02364,49.4667,1
22.34389,41.0125,1
24.29444,41.44778,1
21.90389,41.01667,1
22.31944,40.98556,1
23.47417,41.345,1
24.2725,41.40222,1
12.94397,55.54885,1
15.26264,56.555734,1
10.36,48.17,1
10.36,48.16,1
10.88,48.64,1
10.88,48.61,1
10.78,48.71,1
10.53,48.74,1
10.51,48.74,1
10.55,48.78,1
10.89,48.6,1
10.54,48.78,1
-1.487,41.384,1
-5.74928,42.97297,1
-6.42103,42.99537,1
-6.433,42.338,1
-5.019,43.025,1
1.21697,42.67788,1
-6.36,43.01,1
-5.62,42.56,1
-6.74389,42.39376,1
-6.6169,42.29897,1
-5.52772,42.61026,1
-6.4,42.247,1
-6.51002,42.35811,1
-5.54587,42.89806,1
-6.52124,42.31682,1
-5.76059,42.85056,1
-5.03,43.11,1
-5.5443,42.75957,1
-5.63,42.83,1
-5.122,42.798,1
-6.58697,42.02054,1
-6.532,42.268,1
-5.60705,42.92897,1
1.7374,42.3478,1
-6.254,42.811,1
-5.60826,43.03674,1
-5.11106,43.01651,1
-6.326,42.282,1
-6.75,42.39,1
-5.60827,43.02419,1
1.04832,42.7567,1
-5.7581,42.9907,1
-5.52652,43.01751,1
-5.019,43.016,1
-6.215,42.855,1
-4.756,42.84,1
-6.746,42.39,1
-4.4677,43.0433,1
-6.49993,42.3117,1
-5.59653,43.02292,1
-6.58861,42.31672,1
20.72806,48.72806,1
21.24778,48.73722,1
21.24833,48.7375,1
13.415,54.3484,1
13.5816,54.5484,1
12.94397,55.54885,1
7.966111,49.202778,1
7.7725,49.151389,1
12.94256,55.55714,1
1.839,41.5338,1
1.86,41.5,1
0.995258,42.335943,1
2.7,41.78,1
2.6888,41.7568,1
16.0427,48.8533,1
-3.1592,40.6258,1
1.9203,41.3258,1
3.845555,50.983888,1
5.818888,49.710833,1
4.494166,51.292222,1
4.492499,50.991666,1
4.683333,50.863055,1
4.762777,50.860277,1
5.665833,49.671388,1
3.659722,50.499166,1
4.663333,50.837222,1
4.634166,50.785555,1
5.810555,49.684999,1
4.459444,51.221944,1
4.766667,50.302222,1
4.505,50.615,1
4.425833,50.927222,1
5.495833,51.222499,1
4.232499,50.737499,1
5.304444,50.260277,1
5.513055,51.010833,1
4.373888,51.228888,1
4.418888,51.195555,1
4.583333,51.292777,1
4.7125,51.268333,1
5.092499,50.076111,1
4.658055,51.128611,1
4.899444,50.239722,1
4.578888,51.294166,1
4.961111,50.35,1
4.636388,51.198611,1
5.681111,49.966667,1
5.496111,49.674722,1
5.239722,50.518611,1
4.496111,50.668333,1
4.802777,50.965555,1
3.368333,51.127499,1
4.695833,50.8625,1
4.691111,50.871666,1
4.927499,49.960555,1
4.688333,50.565277,1
4.418055,51.277222,1
4.982777,51.317777,1
5.814166,50.534999,1
3.014722,50.974722,1
4.066667,50.900555,1
4.120277,51.024722,1
3.326388,51.000277,1
5.278055,50.541388,1
5.296388,50.543611,1
5.003333,51.327499,1
4.560277,50.835833,1
5.568333,50.534999,1
5.105833,50.978333,1
5.691111,50.304722,1
5.684999,50.478888,1
5.699444,51.091666,1
6.028611,50.054722,1
5.931944,50.516944,1
4.494722,50.051944,1
3.766111,50.479166,1
5.679166,50.756667,1
2.999722,50.768611,1
5.347777,50.173611,1
5.819999,50.477499,1
5.187499,50.125277,1
5.693611,50.475277,1
4.019166,50.491111,1
3.383611,51.213888,1
4.548333,50.074722,1
5.803333,50.568333,1
4.590277,51.003888,1
4.621944,50.158611,1
5.284722,50.451944,1
4.898333,50.301666,1
5.248611,50.121111,1
5.495277,50.617499,1
6.007222,50.681111,1
4.476111,50.596944,1
4.756944,50.921111,1
5.572222,50.931944,1
5.253611,49.854166,1
4.395833,50.405555,1
5.665555,50.793333,1
6.06,49.710555,1
5.502222,50.966111,1
3.837777,50.483333,1
5.479999,50.379722,1
5.853888,50.61,1
5.684444,50.379999,1
4.822222,50.331111,1
5.694166,50.123888,1
5.428333,50.449166,1
4.912777,50.260555,1
5.937499,50.623333,1
5.018055,50.813333,1
4.700555,50.879722,1
3.688333,51.191944,1
5.544166,50.601111,1
4.439999,51.227777,1
5.297777,50.943888,1
5.342499,50.128611,1
5.531666,50.426667,1
5.332499,50.930833,1
3.706667,51.11,1
5.193055,51.287499,1
4.444444,51.044166,1
5.300833,50.442499,1
5.296388,50.294166,1
3.626111,50.6,1
4.477499,51.025833,1
5.364444,51.116388,1
5.986111,49.500833,1
4.932777,49.872499,1
4.848888,50.347499,1
4.444722,50.410833,1
4.591111,51.389444,1
2.611666,51.110277,1
4.4025,51.219444,1
4.433333,50.765833,1
3.9075,50.497222,1
5.853888,50.6025,1
5.088333,50.167499,1
5.250833,51.118333,1
5.367222,50.987222,1
4.571388,51.130277,1
4.871944,50.467499,1
5.496667,50.971111,1
4.897777,51.243611,1
6.111111,49.883055,1
5.303611,50.073333,1
4.729444,51.074444,1
2.634722,51.11,1
4.471111,50.885555,1
4.899166,50.272222,1
6.144444,50.472777,1
4.977499,50.988888,1
4.798333,50.679444,1
5.456111,50.353055,1
3.505277,50.740277,1
4.826388,50.976388,1
4.673333,51.128333,1
4.46,51.315277,1
4.509722,50.987777,1
6.228611,49.661111,1
4.926111,50.273055,1
2.031388,50.832499,1
4.448611,51.251388,1
5.729999,49.76,1
5.237499,49.781111,1
5.771111,50.566111,1
5.139444,50.481111,1
5.501111,50.172222,1
5.824722,50.528055,1
5.575833,50.181666,1
4.586667,50.665833,1
5.904166,50.266111,1
5.0075,49.792777,1
5.783888,51.098333,1
4.898055,50.301944,1
5.770277,49.686667,1
4.844999,50.453888,1
4.098333,50.947777,1
5.367222,51.124999,1
3.303888,51.344166,1
5.345277,50.603888,1
4.866111,50.203611,1
5.731111,49.830555,1
2.65,51.105555,1
4.138333,50.605833,1
5.174999,49.886111,1
4.975833,50.315,1
6.017222,49.951944,1
3.543888,49.347222,1
4.134722,50.609444,1
5.582777,50.471388,1
4.219722,50.669999,1
5.369999,50.339999,1
5.956667,50.606111,1
4.670833,50.092777,1
12.27472,52.73167,1
5.7044,59.0982,1
14.49,52.4625,1
15.85493,58.2599,1
8.75,48.23333,1
27.41833,42.04556,1
11.582,53.4485,1
11.4153,53.5485,1
12.0819,53.8485,1
11.582,53.3485,1
11.4153,53.4485,1
11.082,53.9484,1
15.46583,48.32972,1
15.58639,48.41194,1
13.02694,46.95056,1
16.27417,48.03361,1
12.57119,62.4872,1
13.36706,55.50987,1
13.54288,55.94898,1
13.48197,55.94184,1
12.45246,62.53939,1
13.05824,59.98655,1
-1.661392,42.852578,1
-1.621981,42.665143,1
-1.695665,42.868102,1
-1.780896,42.896696,1
-1.752532,42.846142,1
-1.810162,42.927648,1
-1.739,43.152,1
-1.715,43.161,1
-1.62104,42.818969,1
-1.642968,42.839348,1
-2.642,42.249,1
-2.242,42.301,1
-2.23,42.274,1
10.7257,59.3761,1
17.05484,57.3446,1
33.21911,57.97011,1
49.596232,53.400296,1
39.3117,50.97092,1
26.912858,54.851894,1
32.004019,56.831997,1
39.30617,50.94381,1
31.723778,56.862139,1
-2.278535,42.640757,1
-2.278979,42.639301,1
-2.280168,42.640884,1
-2.279092,42.640031,1
18.5396,54.5194,1
23.1432,53.1383,1
18.566,54.3742,1
22.71,61.27,1
29.5278,62.4924,1
6.5,44.6667,1
16.581641,56.569386,1
15.015949,56.880209,1
14.141288,57.812635,1
14.984182,56.90012,1
14.914524,56.744638,1
16.470548,57.06728,1
16.484247,57.339026,1
16.467929,57.345847,1
16.446171,57.042658,1
16.46407,56.569174,1
16.365267,56.66443,1
16.252843,56.74779,1
16.458381,57.188411,1
14.272641,57.8556,1
13.413131,56.706436,1
16.909703,57.135612,1
16.514601,56.353212,1
14.348888,55.556993,1
16.462197,58.858903,1
13.227677,55.632149,1
13.588489,57.438386,1
13.430087,57.814064,1
14.650153,58.313942,1
17.294854,62.401456,1
16.467075,56.648188,1
17.634069,59.858145,1
15.047501,57.450253,1
16.700397,56.768375,1
16.647998,56.866223,1
13.932482,56.839499,1
16.978834,57.13908,1
12.859811,56.243504,1
16.191644,61.798088,1
16.900563,57.089506,1
16.848665,57.050579,1
16.684496,56.754182,1
16.687086,56.735618,1
16.94675,57.172693,1
16.658777,56.759039,1
16.702154,56.76662,1
14.851317,56.842714,1
13.616961,56.00169,1
14.928626,57.26756,1
13.112939,55.636754,1
16.285774,57.489894,1
16.684468,56.746665,1
16.662298,56.766514,1
16.622674,56.754449,1
15.045393,57.409778,1
13.050234,56.264229,1
15.916724,56.743907,1
16.264724,57.122656,1
16.45077,57.263261,1
16.722405,57.891639,1
16.93092,57.067299,1
14.476756,56.072953,1
14.292623,55.923565,1
15.625574,56.277114,1
14.287982,56.172814,1
14.124462,57.776492,1
13.361915,57.117325,1
15.205809,57.436038,1
16.83702,56.858439,1
16.287838,57.41859,1
11.998121,57.683244,1
13.700959,56.553088,1
16.611514,57.758154,1
13.053915,57.683195,1
13.078047,57.696834,1
13.071455,57.695254,1
13.10994,57.71083,1
14.556037,57.934136,1
15.17529,57.274257,1
12.664137,56.721057,1
16.715584,56.881016,1
14.711528,57.315571,1
16.34328,56.65507,1
16.159031,57.867966,1
16.36183,56.807655,1
14.915187,56.646843,1
16.106247,57.598736,1
16.612113,57.785087,1
14.876222,58.274933,1
16.097563,59.424874,1
13.882588,57.915038,1
16.097563,59.424874,1
15.620281,58.405667,1
16.095401,59.410858,1
16.112405,59.408279,1
12.928712,63.392857,1
16.06508,59.415796,1
13.597923,60.004228,1
17.630684,59.852706,1
15.723337,56.826825,1
13.769886,56.156776,1
13.352044,55.748259,1
14.000612,56.885646,1
13.059183,55.635849,1
16.516179,59.367354,1
16.576853,56.755324,1
13.703727,55.63314,1
14.164241,55.569022,1
14.546646,56.748649,1
16.418423,57.265371,1
14.048284,57.184036,1
14.163889,57.102518,1
13.848169,57.060726,1
15.382728,56.52978,1
14.958779,58.036227,1
14.959203,58.018272,1
13.340946,55.721667,1
16.694612,57.721682,1
13.894355,55.517764,1
14.469713,57.355684,1
15.616814,58.411121,1
15.620281,58.405667,1
15.616814,58.411121,1
15.624802,58.358001,1
15.605322,58.392259,1
15.641476,58.408928,1
15.521103,58.406185,1
15.711905,58.427494,1
15.521103,58.406185,1
15.530852,58.489539,1
14.698418,56.463342,1
14.375187,57.929282,1
13.115251,57.994247,1
14.155166,57.471557,1
13.922077,55.434644,1
13.891072,55.552749,1
14.037221,56.805334,1
14.114138,57.850182,1
14.908232,57.68839,1
14.453469,57.700788,1
14.159527,57.781999,1
14.756322,57.433096,1
14.373512,57.429325,1
14.460018,57.340476,1
14.467982,58.032013,1
13.818613,55.429296,1
16.417086,57.18456,1
13.022087,58.149263,1
15.047114,57.05803,1
15.046197,57.102925,1
16.434995,57.265289,1
15.605603,57.401392,1
14.99181,57.805783,1
17.729145,59.704804,1
15.813529,57.386287,1
13.823702,55.937678,1
15.854145,57.31825,1
15.966936,57.523494,1
15.561648,57.257644,1
15.572905,57.311542,1
15.888207,57.320711,1
14.083162,57.937584,1
15.451219,57.368726,1
14.383629,62.708331,1
14.275284,57.787383,1
14.273688,57.787732,1
16.134772,57.05092,1
14.370672,56.647951,1
13.353795,56.443317,1
13.109777,56.422808,1
17.624831,59.895882,1
14.862578,57.638671,1
14.971459,57.6672,1
13.724447,56.540009,1
13.708203,56.539736,1
12.677212,56.78256,1
12.620012,56.771244,1
12.884776,56.825145,1
12.62184,56.786351,1
14.192958,55.726877,1
13.195446,55.693545,1
13.709139,55.43055,1
14.167968,56.107946,1
12.982956,55.403448,1
12.927888,56.597062,1
15.08609,57.59704,1
14.468987,58.005086,1
11.938741,57.685899,1
16.216827,59.583392,1
12.886888,56.649234,1
14.750369,57.639579,1
14.121107,58.566677,1
16.352134,57.265676,1
16.423772,57.781655,1
12.938837,56.504142,1
15.025508,57.612942,1
14.968004,57.641209,1
14.967382,57.668143,1
14.950628,57.668031,1
18.811555,59.987537,1
12.692966,56.435228,1
13.310137,56.428162,1
16.671893,57.754164,1
16.195897,56.592755,1
14.901037,57.640748,1
16.545795,56.755512,1
16.245666,56.673414,1
16.295299,56.727111,1
16.451567,57.265205,1
16.082547,56.673882,1
15.82148,56.503559,1
15.857711,58.415398,1
16.471501,57.267795,1
14.820225,56.912764,1
14.016743,55.884777,1
16.434995,57.265289,1
16.468299,57.274098,1
16.434842,57.25631,1
15.239899,59.556492,1
16.191865,57.787062,1
16.43162,57.261714,1
16.54608,57.46484,1
16.210431,57.189885,1
16.48248,57.504797,1
8.43794,61.70525,1
-1.8,42.79,1
8.45547664520769,59.5017197306969,1
11.0119077697316,60.818896792176,1
8.23559815350986,61.20438432748,1
9.52599496638935,59.9081463253243,1
11.0002029764434,60.9268009688012,1
10.2950199213632,59.9117540767287,1
10.2427167888782,59.9481549853264,1
10.2546,59.7524,1
10.1454,59.6815,1
10.2617,59.9409,1
10.2217,59.8245,1
10.4057,59.2956,1
10.0189,59.0722,1
10.3381,60.1684,1
10.0129,59.0552,1
10.3193,60.142,1
10.321,60.1422,1
10.326,60.1351,1
10.2104,59.711,1
9.798,59.6839,1
11.3778,59.123,1
11.3374,59.6343,1
8.1937,60.9345,1
11.1621,59.5825,1
5.7588,58.5397,1
5.68900684046455,59.0986751751247,1
6.59872494330259,59.3392941360563,1
5.5735,60.8871,1
6.6077,58.1368,1
6.66,58.1042,1
9.9002,59.0099,1
9.9175,59.0109,1
10.3756,59.418,1
9.9048,59.0096,1
10.3759,59.418,1
6.6445,58.352,1
11.7482,59.7276,1
10.8545,59.0936,1
11.7846,59.6482,1
11.1542,59.5274,1
10.05,59.0433,1
8.62156973009001,59.8085333226825,1
10.1135,59.7896,1
10.0936,59.7269,1
10.2738,59.7881,1
8.1217,61.6679,1
11.7704,59.7711,1
9.589,60.8997,1
10.7631,59.8281,1
11.2408,60.4817,1
9.5567,62.6465,1
9.5469,62.6641,1
11.8042,59.7047,1
5.6069,58.6166,1
11.7669,59.311,1
11.5844,59.2338,1
11.5517,59.1482,1
11.5588,59.149,1
11.0676,59.7373,1
11.6466,59.4698,1
9.6867,59.0916,1
9.685,59.0898,1
7.3664474491558,59.3732035245101,1
7.54626637578955,59.0366924778886,1
10.3581,60.7317,1
10.9037,60.8461,1
8.4374,60.9244,1
12.1405785419107,59.9769743312469,1
10.1184,59.0562,1
11.6599,59.3007,1
9.8529,58.9657,1
11.864,65.6855,1
9.4835,60.7573,1
11.1545,59.6163,1
10.7376,59.7478,1
11.5362052085043,61.3189217923014,1
12.2897481319463,60.9005122145615,1
11.661312746637,61.2410198673825,1
12.1395385478801,61.0115152280377,1
6.9428,61.0715,1
6.87846077404274,61.0417636147821,1
6.9142,61.0846,1
10.3074067082259,62.5796608458159,1
8.2459,58.6241,1
10.5117,59.88,1
11.1534,59.9253,1
11.2505,59.6847,1
11.2667,59.6514,1
11.3655,59.6323,1
11.4021,59.3242,1
11.2755,59.5135,1
11.3437,59.5616,1
11.3412,59.5634,1
11.1263,59.5946,1
11.3531,59.2601,1
11.3796,59.1241,1
8.4432,60.5922,1
11.7481957533944,59.1513385453898,1
11.3025,63.8761,1
10.5144,60.3967,1
12.1349196765985,61.4723336429465,1
11.2653,59.6027,1
10.9326449532144,59.8051561209597,1
11.0549,59.2029,1
11.9802485392878,60.6207981905224,1
11.5906,61.123,1
11.2274,60.4581,1
8.0659,61.6406,1
11.48,59.1721,1
11.4218,59.1157,1
11.6445,59.4662,1
10.5833,60.3582,1
10.712,60.9107,1
10.778,59.8275,1
10.015,59.0172,1
10.0067,59.0278,1
8.5116,60.8818,1
10.1288,60.329,1
8.6546,60.8444,1
10.1757,59.7597,1
10.2539,59.7498,1
10.1703,59.7558,1
8.5488,59.5703,1
7.9802,58.1485,1
10.1134,59.7659,1
8.6317,58.657,1
10.2865,60.004,1
10.14,59.7595,1
10.1853,59.7514,1
10.1643,59.7549,1
10.2041,59.7494,1
9.9811,59.764,1
10.2044,59.749,1
10.2218,59.7462,1
10.4617,59.829,1
11.4053,59.1199,1
8.6452,60.8645,1
8.1627,60.5342,1
10.5683,60.3862,1
10.0922,59.682,1
5.77763244374177,58.5257543586534,1
9.88664218133474,58.9771138873135,1
11.2478480012166,59.9982667002117,1
6.69148264525097,62.5452220175069,1
9.64762906919187,59.1249171998259,1
7.0882,58.5529,1
11.6498,59.4661,1
11.0709,59.6549,1
12.0519,60.3223,1
11.0631,59.6573,1
6.82057334477432,62.8144343806975,1
11.6141273778265,60.8404034331523,1
11.4544,60.1518,1
5.55861338875578,58.8395638916761,1
5.54401404624951,58.8122626964449,1
12.1001,60.1356,1
11.1633212929238,60.6099899709805,1
10.7820431256344,62.1497480110033,1
11.3664068872203,61.1365128638461,1
11.3288317885494,60.4858866545897,1
12.4669825340714,60.1633846967492,1
11.3818086638471,61.106111797481,1
12.0968710212051,60.1382802497879,1
11.9860646486775,60.2081819554172,1
12.3144765092199,60.1868841989765,1
6.70767693855533,58.0928479441329,1
10.4216,63.4452,1
7.1153,62.5714,1
9.99646545392904,61.0120945193638,1
11.0065750159772,59.0598279615851,1
10.1832211029172,59.787048115163,1
9.5261946204488,59.917046674564,1
10.2602177176166,59.9390548016089,1
5.6055,58.8791,1
10.0848890349317,60.5139756508152,1
9.0903,58.7508,1
11.6408,59.1465,1
9.5539,62.6536,1
11.5745,59.1491,1
11.4792,59.5468,1
10.6833,59.5106,1
10.7909,59.4466,1
10.757,59.3418,1
9.4492,58.9399,1
11.3817,59.4686,1
9.21979845316848,59.5677300236765,1
10.8996,60.8399,1
10.0676,59.1043,1
11.3215,59.5763,1
12.0882369683263,61.0068145570469,1
12.241347107971,60.8843111152704,1
6.916,61.0577,1
10.3025,59.9893,1
10.1541,60.1989,1
11.3805,59.1245,1
11.6781598541978,60.0629733405418,1
11.7168851463457,59.4170485227486,1
11.177,59.4434,1
5.69030704313895,59.0946750363191,1
12.0141,60.2006,1
10.9529,59.6239,1
11.229268307988,59.4411448192136,1
11.6692628865467,59.9750698113309,1
11.8024,59.9531,1
11.0614,59.2531,1
10.9104,60.6808,1
10.7454,59.7782,1
7.5694,58.3849,1
11.7937,60.2224,1
12.0559242217601,61.2945257580032,1
12.1487,60.0953,1
10.7079914675893,60.9653996640662,1
12.2425750258018,60.1619825474253,1
10.4019,63.4142,1
9.2245,62.6669,1
10.452,63.4137,1
9.1075,62.694,1
7.9977,58.1469,1
10.2400194965589,59.8763521550309,1
5.73301540030905,58.920468851957,1
6.6881,58.1006,1
11.0035,59.663,1
10.925,59.6019,1
8.63057019950508,59.8040332393364,1
11.4566,59.0096,1
6.9336,61.0714,1
11.8247651025461,60.0536743644299,1
11.3675,59.1261,1
10.8628415906858,59.8331565388415,1
11.129,59.677,1
11.057,59.6596,1
8.66861434917026,61.1643871916252,1
12.4233735158296,60.3632921653925,1
12.4204841756831,60.077580892509,1
11.4149079446317,61.1513139210374,1
12.1008713216733,60.1338801144831,1
6.75557456016551,58.1943522597943,1
10.4736,63.4448,1
10.4347,63.4484,1
9.6913,62.5936,1
10.412,63.4141,1
11.0458,63.5949,1
11.23167,43.88222,1
10.70139,54.02361,1
16.22972,48.01361,1
16.32389,48.30917,1
16.24667,48.08667,1
15.1725,47.9975,1
16.525,48.38472,1
16.2925,48.0625,1
7.57946588053348,59.0756943159931,1
11.4990182542294,60.9693074641715,1
11.9140613785631,60.2304821536724,1
6.83108032271557,58.1013495591776,1
10.2103,59.7573,1
9.1951,62.6445,1
11.0886,62.9389,1
10.3331,63.4417,1
11.4855,63.781,1
7.7738,58.555,1
11.6203,63.0452,1
10.2998,63.3702,1
10.537,59.8931,1
7.3781,62.9625,1
8.6427,63.2415,1
10.22,63.3516,1
10.4836,63.4417,1
10.5686,62.9815,1
10.4801,63.3468,1
12.4274,64.5113,1
7.1355,62.5145,1
10.5437,63.6281,1
8.9356,63.4067,1
8.6033,62.9908,1
10.449,63.4536,1
8.9376,63.4067,1
7.1281,62.5252,1
10.2949,63.0382,1
9.4969,62.6124,1
10.4116,63.4271,1
8.8182,63.5788,1
10.3323,63.4238,1
11.3672,59.1248,1
6.6081,58.0924,1
10.4651,62.8839,1
10.2091,63.3531,1
9.7385,63.7063,1
10.4524,63.0261,1
14.0775,66.8324,1
10.8928,59.2022,1
10.4132,59.2703,1
10.5511,63.3947,1
11.0251,63.5862,1
11.364,62.8118,1
10.2014,59.7574,1
10.6458,62.9522,1
8.2822,63.2456,1
12.37,64.2409,1
9.9061,63.8849,1
10.4124,63.423,1
10.9721,59.2405,1
10.4126,63.4275,1
11.7092,43.87752,1
11.64704,43.65688,1
11.145667,42.411119,1
10.62641,44.130891,1
10.598089,43.447607,1
10.603049,43.413627,1
10.6791,59.5379,1
12.3898,64.2503,1
44.266491,42.508552,1
44.186926,42.535437,1
44.114571,42.579757,1
46.73687,39.765798,1
42.510481,41.632894,1
44.903097,40.657853,1
46.589924,39.71724,1
41.758003,43.292888,1
47.20319,42.75477,1
41.941389,43.279167,1
43.921709,42.795873,1
43.983333,42.766667,1
44.159031,42.549097,1
44.022989,42.679281,1
35.225773,44.947245,1
35.038147,45.043327,1
34.784131,44.893215,1
34.29451,44.76965,1
34.280949,44.631161,1
51.742457,61.425074,1
23.949939,49.90331,1
22.414871,48.546891,1
28.48079,49.233149,1
46.16678,54.17569,1
37.058473,49.178145,1
23.746497,49.883408,1
28.482318,49.235601,1
46.212024,54.226064,1
46.06965,51.490393,1
28.437311,49.207121,1
50.108853,53.13434,1
28.481069,49.233167,1
47.3,56.733333,1
37.569122,49.040344,1
34.089824,50.741507,1
30.104719,50.181819,1
38.900924,52.600507,1
48.55,53.783333,1
43.692178,53.82097,1
46.029855,53.875459,1
43.224883,54.715119,1
48.403123,54.314192,1
38.921127,52.593194,1
39.383165,51.810542,1
45.310295,53.510262,1
47.020894,53.937117,1
44.803786,56.527465,1
56.679644,59.430702,1
41.765556,46.583642,1
36.056624,52.4207,1
35.989556,52.796388,1
45.018316,53.195063,1
45.811941,52.619155,1
35.983832,50.60191,1
36.850556,50.389444,1
35.183333,53.4,1
39.681012,52.388284,1
46.184885,54.225946,1
38.923202,52.603273,1
39.609426,53.287387,1
36.292458,51.527411,1
39.0,53.5,1
37.645375,51.190372,1
40.071286,50.733785,1
49.762901,53.439156,1
35.165544,53.26847,1
45.351423,58.294986,1
40.047001,52.345517,1
35.683333,53.416667,1
45.006123,56.394422,1
39.383333,51.716667,1
39.040925,52.793555,1
40.003076,50.493072,1
40.917911,57.016894,1
36.657749,50.776584,1
36.08331,51.558719,1
38.650502,56.803344,1
38.771973,56.723692,1
42.246142,55.178923,1
36.767599,55.710855,1
37.819801,50.689697,1
37.782189,55.932198,1
40.260016,52.307449,1
41.901889,58.326835,1
46.545324,58.778357,1
37.379641,55.771851,1
36.148216,51.574076,1
37.385564,55.76445,1
37.556882,54.86043,1
37.734714,56.5168,1
38.427752,55.557764,1
36.183034,51.587428,1
41.025969,56.999456,1
38.782606,56.722583,1
37.741875,55.847114,1
36.696261,55.701939,1
46.731044,59.40407,1
37.16965,56.034356,1
38.919474,55.751817,1
37.55,54.866667,1
38.428661,55.540256,1
38.152826,54.854338,1
37.173176,56.744002,1
36.829,56.237849,1
35.408711,55.656214,1
37.364617,55.908906,1
37.742806,55.896071,1
40.789407,57.630033,1
37.54728,55.585218,1
37.589259,54.857634,1
37.341242,55.775054,1
37.120495,56.016125,1
37.14902,56.021366,1
46.246412,58.284393,1
36.467477,56.255593,1
37.73633,55.910503,1
38.441831,55.854522,1
37.879782,56.050275,1
37.72059,56.012088,1
37.559448,54.859566,1
37.563243,55.584514,1
36.152115,56.234465,1
37.169865,56.056598,1
36.923884,56.264067,1
36.722906,55.700094,1
37.269447,55.637942,1
36.688104,55.711706,1
36.7498,55.69105,1
37.222341,56.571224,1
37.526309,55.574306,1
37.617858,54.80606,1
37.560481,54.887119,1
36.974156,56.182511,1
38.716667,55.283333,1
37.573218,54.853886,1
37.667662,56.205611,1
38.264108,55.425471,1
37.736743,55.909968,1
36.51607,56.255327,1
37.176104,56.042754,1
37.373534,54.905601,1
37.306194,55.645599,1
38.13419,56.109054,1
37.452007,55.835007,1
36.717965,55.681698,1
37.416121,55.962685,1
38.716667,55.566667,1
37.164345,56.035298,1
37.289019,55.787284,1
38.092168,54.817332,1
38.606154,54.89338,1
36.744904,56.44215,1
38.25795,55.547435,1
37.774057,55.933918,1
38.501665,54.954651,1
37.178378,55.420622,1
37.600936,54.913248,1
37.608798,54.829628,1
37.847155,56.010428,1
37.100565,55.789127,1
41.777275,55.383377,1
39.051023,55.04483,1
37.732938,55.924764,1
39.074192,56.223156,1
39.099136,55.205601,1
37.37573,55.906016,1
38.828699,54.925582,1
36.890781,55.696382,1
39.030165,56.204716,1
36.339211,54.181953,1
41.791995,55.389686,1
37.856018,55.718443,1
39.396557,55.860027,1
41.768778,55.380427,1
37.870516,55.71401,1
39.406616,55.864044,1
40.708176,55.865215,1
41.63403,55.338715,1
41.784227,55.383066,1
39.401919,55.870964,1
36.384985,55.205371,1
41.641667,56.283333,1
40.919444,56.5,1
37.438313,54.777827,1
40.710139,55.895346,1
35.733333,53.95,1
40.958333,56.466667,1
37.847164,56.011318,1
31.883333,55.7,1
28.852853,54.057504,1
23.764114,56.967439,1
32.197327,52.379539,1
36.380292,56.700312,1
33.766073,52.579077,1
32.884951,56.502177,1
35.03449,57.7699,1
28.075153,54.492525,1
24.813558,57.085118,1
34.9028,57.7697,1
32.089026,52.865956,1
33.861388,58.392492,1
20.970812,54.835491,1
36.363811,56.686621,1
33.45846,57.666644,1
20.965084,54.834718,1
38.412126,59.728777,1
29.669045,56.2148,1
51.742457,61.425074,1
31.5554,56.702935,1
43.216667,60.883333,1
36.21435,56.777074,1
32.975384,56.45031,1
29.400949,59.458172,1
30.386682,57.192411,1
34.96014,57.041338,1
34.839,58.0855,1
34.859,58.0893,1
51.89774,61.350507,1
58.068032,64.85709,1
29.691549,56.182875,1
31.555981,56.702867,1
38.507222,57.823056,1
37.395536,57.953711,1
38.231578,58.068411,1
38.240425,58.035633,1
38.241103,58.035442,1
38.469167,57.605833,1
38.503697,57.977239,1
31.552139,56.722,1
31.58539,56.72977,1
40.700366,57.76846,1
38.494655,56.861683,1
44.15211,58.9009,1
66.857294,56.243083,1
12.41347,58.82239,1
15.13429,58.63433,1
9.816775,44.277362,1
9.670555,44.361642,1
9.808796,44.278526,1
14.95871,58.47703,1
37.623,54.855,1
37.564,54.855,1
37.595,54.917,1
16.45806,47.575,1
14.93139,46.81917,1
16.77361,47.95306,1
23.1,40.566667,1
15.55,47.10972,1
14.36167,47.07278,1
15.09444,47.36111,1
16.125,47.025,1
15.45833,46.675,1
15.25694,47.42917,1
15.33333,47.35,1
13.20833,46.925,1
13.25528,46.5625,1
15.61528,48.36333,1
13.64722,47.16028,1
13.63972,47.17028,1
13.0,46.94389,1
13.05583,47.06111,1
15.46667,47.08667,1
15.27583,47.62472,1
13.68056,47.38056,1
15.32083,47.18333,1
15.42389,47.36278,1
15.35667,47.03056,1
15.46528,47.19806,1
15.3425,47.0325,1
13.93333,47.1,1
14.07639,47.10694,1
14.38333,47.15,1
15.375,47.125,1
15.33528,47.01472,1
15.44833,47.08556,1
14.16667,47.68333,1
15.46444,47.19694,1
15.33972,47.03167,1
16.03,47.04028,1
15.85167,47.34278,1
15.41667,47.35,1
9.62917,47.4425,1
9.61417,47.42361,1
9.55167,47.42417,1
14.14056,46.63833,1
15.57583,48.41417,1
15.9875,47.90861,1
25.156489,62.588008,1
25.158434,62.588034,1
27.556021,61.427149,1
27.271847,61.494417,1
24.082359,61.434269,1
22.925819,61.349274,1
24.447425,61.481155,1
24.090271,61.460031,1
7.36387051107991,58.7852809832163,1
8.85292830607772,58.4721843321783,1
6.9372,58.4814,1
8.578,58.3467,1
12.1988,58.79806,1
12.47941,58.79435,1
12.44258,58.49174,1
13.16667,52.40069,1
13.225,52.48056,1
13.5,49.966667,1
14.80126,63.09283,1
15.27422,62.88814,1
17.32713,62.47712,1
14.11491,55.73309,1
5.76,60.1383,1
5.7622,60.5647,1
5.9031,60.2433,1
5.452485,50.113223,1
5.572785,50.170476,1
12.23386,58.76642,1
12.37977,58.56867,1
12.41951,58.48132,1
12.38824,58.47642,1
15.67682,58.22279,1
15.75637,58.40626,1
12.88012,55.88683,1
14.07705,59.09024,1
14.85227,56.92523,1
15.96494,58.39319,1
12.92551,55.54472,1
15.71016,58.27913,1
14.66862,58.36345,1
14.77077,58.32,1
18.82106,65.89438,1
15.75417,58.20115,1
15.62551,58.35925,1
15.77268,58.40445,1
16.41661,58.38347,1
7.8237,58.1052,1
14.912721,55.094414,1
14.708628,55.148014,1
12.327719,55.784253,1
12.292749,55.828432,1
11.965525,55.26504,1
11.656543,55.353062,1
10.566865,56.513142,1
10.34914,57.243451,1
10.168133,56.230009,1
10.053029,56.150175,1
9.90188,55.881812,1
9.951497,56.600239,1
9.95665,57.444687,1
9.872502,57.409365,1
9.828092,56.169856,1
9.701396,56.287443,1
9.602783,56.180145,1
9.542923,56.503866,1
9.461479,56.486226,1
9.429511,56.531262,1
9.022308,55.211195,1
8.959438,55.220176,1
8.928292,55.058411,1
8.943732,55.211184,1
8.717379,56.100427,1
8.663406,56.756147,1
8.307426,56.548041,1
8.289314,55.775236,1
8.201884,56.152081,1
8.121818,56.133568,1
8.19663,55.630895,1
14.532884,56.239405,1
9.81441,50.6018,1
9.73441,50.313,1
9.70916,50.3393,1
10.0441,50.4501,1
9.59697,50.5473,1
7.6787,59.1923,1
7.9198,58.2226,1
7.9822,58.1487,1
7.9803,58.1487,1
7.8543,58.4339,1
7.5354,58.9828,1
11.3677,59.7231,1
9.63580139309164,59.8356445934505,1
15.0103051697642,67.9321328795319,1
13.3335233884769,68.0313219408817,1
10.7256,59.3765,1
10.054,50.615167,1
16.806,56.95833,1
16.76208,58.19375,1
15.57383,58.75041,1
12.99904,60.68109,1
15.22717,62.8596,1
14.92319,63.10963,1
3.45,50.56666,1
-4.23083,55.86333,1
20.78333,47.85,1
8.95,48.55,1
44.3125,40.48861,1
8.35,48.68333,1
7.85,49.8,1
46.57806,39.70083,1
7.88333,49.98333,1
15.31667,46.85,1
44.35833,41.00472,1
14.85,48.0,1
15.9,48.08333,1
6.4,45.05,1
16.20806,48.125,1
8.08333,48.56667,1
8.08333,48.56667,1
7.58333,46.18333,1
44.95361,40.555,1
46.12306,39.10472,1
45.28333,39.66667,1
6.4853,60.8111,1
6.2564,60.6331,1
6.6233,60.8044,1
5.1969,59.6356,1
13.80455,57.98429,1
15.66813,58.02206,1
13.51173,55.87403,1
14.63493,58.22715,1
9.23333,42.38333,1
9.23333,41.8,1
9.3,42.4,1
8.98333,42.31667,1
9.0,41.96667,1
9.11667,42.11667,1
9.13333,42.11667,1
9.4,42.81667,1
9.28333,42.45,1
9.13333,42.16667,1
9.28333,42.31667,1
9.41667,42.81667,1
9.41667,42.78333,1
9.2,42.03333,1
9.3,42.28333,1
9.33333,42.4,1
9.26667,42.15,1
9.33333,42.38333,1
9.13333,42.18333,1
9.28333,42.33333,1
9.13333,42.31667,1
9.35,42.33333,1
9.38333,42.58333,1
9.16667,41.76667,1
9.26667,42.33333,1
9.18333,42.15,1
9.26667,42.31667,1
9.21667,41.8,1
5.44432770600798,60.7549367886062,1
5.9675,62.248,1
4.84900223698992,60.8978358622982,1
5.2834,60.6421,1
5.9506,60.7836,1
6.9353,60.5781,1
6.9389,60.5758,1
5.9102,60.2373,1
5.7536,60.1412,1
5.6407,60.2175,1
6.149,58.534,1
5.6141,58.6273,1
11.1463,59.6198,1
5.9519,60.7847,1
6.9358,60.5781,1
6.3164,58.3822,1
6.2822,58.3231,1
8.0539,62.3383,1
8.0464,62.3558,1
16.27528,48.03194,1
15.71667,48.18333,1
16.2775,47.98333,1
16.28333,47.91667,1
13.96667,44.88333,1
13.88167,58.37645,1
15.48215,58.79015,1
16.82819,56.96285,1
13.151875,58.020311,1
8.95,48.55,1
20.29596,63.81071,1
20.783333,47.85,1
15.70226,57.80907,1
8.7498,58.4352,1
8.121,58.2352,1
9.5601,62.6448,1
15.532222,48.390833,1
20.196519,63.82913,1
20.303954,63.803837,1
20.053416,64.037261,1
20.15994,63.89955,1
20.880786,64.075455,1
20.849422,64.192444,1
20.482697,64.032048,1
20.297099,63.812364,1
20.893426,64.704463,1
20.284578,63.796297,1
20.225347,63.82727,1
19.950336,64.141096,1
20.362822,64.047691,1
20.295588,63.834772,1
20.286823,63.842621,1
20.977064,64.753483,1
20.71003,64.13658,1
19.41251,63.64485,1
21.04019,64.482639,1
20.208716,63.835552,1
13.51913,55.97941,1
13.5574,55.95496,1
13.51901,55.9273,1
-3.139972,52.664225,1
25.8957,52.2647,1
-0.260354,51.443076,1
-1.75,43.28,1
-1.63,42.57,1
-1.66,42.86,1
-1.79,42.3,1
14.31364,56.68031,1
15.65692,57.98515,1
17.89922,59.59569,1
12.65736,56.09259,1
13.24204,60.58694,1
12.0819,53.9484,1
12.5818,54.4484,1
20.7,50.116667,1
-7.49844,42.24383,1
-7.48513,42.27984,1
-6.96318,42.12982,1
-7.49867,42.23341,1
-7.24503,42.20279,1
-7.30021,41.95146,1
-6.95828,42.82841,1
-7.26901,42.65343,1
20.29596,63.8107,1
-0.11,42.69,1
-0.1,42.64,1
-5.76,40.31,1
-5.75,40.3,1
-5.86,40.25,1
-5.59,40.21,1
8.1289,58.1776,1
9.1817,58.7545,1
5.6896,58.9347,1
11.5186,60.929,1
5.5718,58.9393,1
2.46,41.78,1
0.26,42.67,1
-1.59,40.87,1
-1.81,40.4,1
0.62,42.65,1
-0.62,42.74,1
-1.04,40.95,1
0.35,42.46,1
-1.64,40.51,1
0.99,42.57,1
0.37,42.5,1
-4.17,43.03,1
-3.3,42.23,1
-2.23,40.96,1
0.13,42.64,1
-2.34,41.14,1
-1.6,40.35,1
-3.06,41.87,1
-1.52,40.6,1
-1.62,39.95,1
-2.1,41.95,1
-2.46,42.05,1
-1.86,41.77,1
-2.46,41.87,1
-2.25,42.42,1
-6.98,42.75,1
-0.09,41.02,1
-0.94,40.41,1
-2.24,41.08,1
-2.34,41.41,1
-1.63,41.32,1
-0.86,42.75,1
-2.82,41.96,1
-2.58,42.23,1
-1.99,40.87,1
-0.63,42.47,1
-0.69,40.76,1
-2.53,42.05,1
-3.06,41.33,1
-2.69,42.68,1
-2.06,40.88,1
0.33,40.85,1
-0.72,39.86,1
-2.34,41.32,1
-2.23,41.05,1
-2.46,41.24,1
-2.46,41.15,1
-1.53,40.15,1
-2.0,40.15,1
-1.06,40.41,1
-1.05,40.5,1
-3.42,41.24,1
-0.86,42.84,1
-1.42,40.14,1
-0.61,42.83,1
-2.92,41.98,1
-4.78,42.93,1
-4.77,42.84,1
-0.74,42.84,1
-2.7,41.96,1
-0.74,42.84,1
-3.42,41.24,1
-0.61,42.83,1
-1.74,41.5,1
-1.75,40.87,1
-1.64,40.78,1
-1.64,40.78,1
-2.23,40.96,1
-2.58,40.97,1
-2.58,40.97,1
-1.75,40.87,1
-0.63,42.38,1
-0.01,42.64,1
-1.65,40.33,1
-1.65,40.33,1
-2.0,40.6,1
-1.42,39.87,1
-1.88,40.69,1
-2.0,40.6,1
-4.41,43.03,1
-1.27,41.04,1
-4.41,43.03,1
-6.0,42.86,1
-5.27,43.11,1
-3.43,42.77,1
-6.05,43.04,1
-6.11,43.09,1
-6.05,43.04,1
-6.11,43.09,1
-1.74,41.77,1
-0.37,42.83,1
-0.37,42.83,1
-0.25,42.73,1
-0.37,42.74,1
-0.25,42.73,1
-0.7,40.49,1
-1.4,40.59,1
-0.35,40.31,1
0.26,42.55,1
0.38,42.47,1
-1.27,41.22,1
-5.52,43.01,1
-5.39,42.92,1
-3.06,41.24,1
-5.14,42.93,1
-4.53,43.03,1
-4.78,43.02,1
-2.82,42.05,1
-0.58,40.33,1
-1.64,40.6,1
-1.64,40.53,1
-1.06,40.82,1
-0.59,40.31,1
-0.57,40.76,1
-1.53,40.24,1
-1.76,40.42,1
-0.7,40.4,1
-0.58,40.58,1
-0.86,42.84,1
-0.86,42.93,1
-2.82,41.78,1
-2.82,41.78,1
-1.57,41.71,1
0.22,40.66,1
-1.89,41.47,1
0.99,42.75,1
-1.64,40.9,1
0.37,40.82,1
-5.15,43.0,1
-5.14,42.99,1
-4.25,43.06,1
-0.69,42.79,1
-1.8,40.52,1
-2.01,40.57,1
0.31,42.57,1
-1.04,40.95,1
-0.62,42.74,1
0.62,42.65,1
0.37,42.5,1
0.35,42.46,1
-1.64,40.51,1
0.99,42.57,1
-1.93,40.21,1
-2.48,42.87,1
1.97,42.31,1
14.024167,51.484167,1
14.963617,51.078617,1
14.015,51.15695,1
14.485833,51.174167,1
14.950283,51.468883,1
14.7275,50.917778,1
14.898333,51.058883,1
14.859167,50.914167,1
15.215283,51.24945,1
14.383617,51.342217,1
14.834717,51.194717,1
14.446117,51.11695,1
14.423883,51.114717,1
14.185833,51.135283,1
14.852217,51.232783,1
15.198883,51.247217,1
14.372783,51.5875,1
14.925,51.084717,1
15.194167,51.238883,1
14.508333,51.288333,1
14.392783,51.57305,1
14.011117,51.313883,1
14.218333,51.134717,1
19.8,50.016667,1
14.69272,58.38741,1
14.67952,58.32929,1
10.9808,63.6017,1
-2.33,42.95,1
-3.57,43.15,1
-2.69,42.77,1
-2.17,42.7,1
-1.29,42.48,1
-3.33,42.75,1
-3.31,42.74,1
-3.23,42.73,1
-3.29,42.74,1
-3.25,42.73,1
-3.27,42.7,1
-3.21,42.7,1
-3.29,42.76,1
-3.17,42.72,1
-3.21,42.74,1
-3.2,42.73,1
-3.17,42.7,1
-1.52,43.05,1
13.415,54.0485,1
13.2484,54.1484,1
13.5816,53.8485,1
16.40549,56.43426,1
14.67524,58.22833,1
14.63005,58.31798,1
16.65739,56.79022,1
12.23875,58.75928,1
15.65692,57.98514,1
16.7004,56.76837,1
14.62891,58.31662,1
16.20192,58.49198,1
16.68709,56.73562,1
16.6845,56.75418,1
18.40675,57.72324,1
18.7814,57.74643,1
18.96813,57.90273,1
18.46335,57.67086,1
18.92645,57.81122,1
18.97382,57.85227,1
18.96916,57.88941,1
18.34151,62.95612,1
18.71419,57.89263,1
15.93711,57.81168,1
16.90579,58.3348,1
15.65239,57.8571,1
16.46727,56.49802,1
14.91245,58.0205,1
16.65878,56.75904,1
16.70215,56.76662,1
18.27414,59.28235,1
16.51809,56.4793,1
16.6623,56.76651,1
14.62102,59.41039,1
16.68447,56.74666,1
18.91441,59.80902,1
16.90971,57.13561,1
16.76632,56.85725,1
16.76608,56.86049,1
16.71399,56.85066,1
16.72592,56.85517,1
16.63294,56.70377,1
16.65467,56.72608,1
16.44041,56.51631,1
16.44248,56.54324,1
16.62268,56.75445,1
16.43533,56.41764,1
16.42031,56.40286,1
16.58164,56.56938,1
18.67463,59.67748,1
14.16089,57.77751,1
16.96446,59.72038,1
15.77046,57.89844,1
15.76733,57.91204,1
16.96446,59.72039,1
15.76893,57.91201,1
15.77046,57.89845,1
14.29927,56.151907,1
16.65739,56.79023,1
16.61379,59.31651,1
18.27414,59.28236,1
16.930921,57.067299,1
16.55902,56.76262,1
16.46707,56.64819,1
16.648,56.86622,1
16.52502,56.60925,1
16.648,56.86622,1
14.11492,55.73309,1
16.51808,56.47931,1
18.34151,62.95613,1
16.51782,56.48537,1
15.63831,56.2146,1
16.48389,56.46669,1
16.52369,56.49183,1
16.46727,56.49803,1
13.873309,55.47591,1
16.44249,56.54325,1
16.44041,56.51632,1
16.53097,56.49018,1
16.63294,56.70378,1
19.03883,59.76348,1
16.76632,56.85726,1
16.76607,56.8605,1
16.70997,56.82447,1
16.72592,56.85518,1
16.714,56.85066,1
16.65467,56.72609,1
15.9782,58.19544,1
13.00578,55.53167,1
14.971461,57.6672,1
14.128853,56.552979,1
16.47546,57.26573,1
14.19913,56.61801,1
16.450772,57.263261,1
15.857518,57.665715,1
14.45347,57.700788,1
16.63372,57.75574,1
15.92955,57.27578,1
13.85963,56.66495,1
15.28327,56.54674,1
14.114139,57.850182,1
14.343019,58.034912,1
14.159529,57.781999,1
13.571858,56.470415,1
14.60036,57.07043,1
15.56431,56.2128,1
14.798895,56.530586,1
16.40846,57.25824,1
14.05766,56.84181,1
14.08041,57.67801,1
14.89258,57.92578,1
14.315775,57.471061,1
13.453354,56.734511,1
14.69497,56.46405,1
16.7467,57.88303,1
15.847691,57.495952,1
15.85525,57.49672,1
14.868446,57.32034,1
14.81922,56.88377,1
15.16989,56.62705,1
14.47482,58.03029,1
14.9363,56.97753,1
14.61177,57.08222,1
14.17784,57.77184,1
14.10304,60.02456,1
14.91262,58.02021,1
14.13711,57.79372,1
14.718187,57.025171,1
14.51628,57.72451,1
14.8706,57.6522,1
14.9881,56.74335,1
13.66391,57.29171,1
14.92954,57.91661,1
14.81083,56.89631,1
14.465158,58.020229,1
22.25,37.95,1
22.35,36.95,1
21.783333,37.866667,1
22.616667,37.233333,1
22.6,37.233333,1
22.266667,37.65,1
22.366667,36.9,1
22.283333,37.1,1
22.616667,37.216667,1
22.616667,37.283333,1
22.416667,37.95,1
22.366667,36.95,1
22.283333,37.966667,1
21.783333,37.966667,1
5.887552,51.817048,1
5.98031,50.962788,1
5.888885,50.920978,1
5.85,51.78,1
5.76,50.85,1
5.73,50.81,1
5.91,50.76,1
5.687205,50.815054,1
2.92048,42.74449,1
27.8393,38.3761,1
7.454935,48.614732,1
-5.25,40.39,1
-3.39,37.09,1
0.08,42.68,1
11.305,46.529722,1
12.550556,46.971389,1
12.307011,46.912892,1
11.729444,47.0575,1
12.520833,47.025833,1
10.128056,46.979444,1
9.8975,47.294722,1
9.895,47.298611,1
9.9125,46.939167,1
9.893889,47.288611,1
11.164232,46.668253,1
11.208056,46.610833,1
11.557778,46.626389,1
11.650556,46.743889,1
11.611111,46.741667,1
11.667778,46.73,1
11.338333,46.496944,1
10.936389,47.2225,1
11.01126,46.99996,1
10.733611,46.893333,1
9.939722,46.955556,1
10.958,46.898,1
11.025,46.94,1
10.05363,46.97852,1
12.68,46.724,1
10.063,47.212,1
12.165,46.982,1
12.196,46.923,1
12.151,46.976,1
12.209,46.948,1
9.911,47.111,1
10.072,47.003,1
10.006,46.986,1
9.989722,47.116389,1
10.0405,47.09344,1
12.463,46.824,1
12.437639,46.869806,1
12.407101,46.710486,1
10.57025,47.035889,1
10.967,46.967,1
11.936,47.238,1
10.368889,47.271111,1
12.75,46.892,1
10.172,47.243,1
12.018056,47.244167,1
11.028,47.074,1
10.986111,46.9575,1
12.4,46.933,1
12.475,47.133,1
12.656,46.683,1
11.187,47.012,1
10.988,46.921,1
10.055,47.112,1
12.206,46.889,1
-0.247,42.336,1
7.174214,45.991481,1
12.329444,46.914167,1
13.54445,52.47167,1
13.14194,52.52195,1
13.13972,52.5175,1
13.28639,52.71833,1
5.847156,51.837887,1
5.850049,51.836977,1
5.873243,51.835085,1
-6.05,43.130001,1
-6.0,43.049999,1
-6.56,43.459999,1
-4.97,43.169998,1
-1.23,42.66,1
-2.429,43.005001,1
-2.834,43.060001,1
-2.57,42.77,1
-2.242,43.300999,1
-2.503,43.005001,1
-2.32,42.950001,1
-1.411,42.527,1
-0.824,42.950001,1
-1.388,42.931999,1
-1.499,42.915001,1
-0.812,42.939999,1
-1.276,43.02,1
-1.216,42.965,1
-1.507,43.077999,1
-1.545,43.033001,1
-1.544,43.105,1
-1.52,43.050999,1
-1.619,43.051998,1
-1.493,43.186001,1
10.1973,63.5506,1
9.7598,62.9882,1
12.3093,64.6529,1
10.3849,61.1699,1
9.0681,62.5684,1
8.6072,58.337,1
7.6009,61.4915,1
9.4202,62.7024,1
11.6064,64.8654,1
10.0204,59.0719,1
10.3154,59.4868,1
10.3706,63.3875,1
8.1007,63.0322,1
5.8059,59.9293,1
9.633,62.6028,1
10.3523,63.4236,1
7.99991309288613,58.1715643125888,1
6.6678,58.0747,1
8.58002416386399,58.3548771351451,1
7.5436,59.2027,1
8.56292364022587,58.3547769582708,1
7.56148337990058,58.6079762952025,1
7.38109916400633,58.0398529872092,1
8.20852004896581,58.1554658373361,1
8.0036125305411,58.1899650433972,1
8.1240181440991,58.1369642789969,1
7.987913702022,58.1449631884544,1
9.0895,58.6187,1
8.64782427347014,58.4089798682946,1
7.34616963029569,58.7939811301571,1
6.6539,58.2999,1
7.5526,59.2084,1
7.2829,58.3661,1
6.6608,58.4528,1
7.80321044729571,58.0804588684263,1
7.7038,58.9612,1
6.7348,58.168,1
6.43096520298854,60.6207421969692,1
7.0024,58.0044,1
7.895,58.3607,1
8.9227,58.519,1
6.4595,58.2738,1
7.8534,58.4335,1
8.5839,58.5,1
8.0015,58.1626,1
8.5822,58.5,1
8.3463,58.7316,1
7.0597,59.3133,1
7.8551,58.4336,1
31.31,37.68,1
30.432,36.538,1
35.1254,37.7666,1
34.568,37.42,1
10.507,59.5274,1
-3.96,40.85,1
-3.02,37.12,1
-2.16,37.7,1
-4.67,42.16,1
-6.71,43.03,1
-3.18,37.1,1
-4.77,37.87,1
-2.74,43.14,1
-2.61,43.15,1
-3.44,37.11,1
10.9588,59.3302,1
11.0614,59.6582,1
2.42362,47.5684,1
4.90051,46.5671,1
4.42361,46.8094,1
2.76513,47.8808,1
-5,40,1
13.57484,56.59614,1
14.09112,56.17869,1
14.20856,56.10391,1
12.98974,55.42347,1
12.41568,59.52216,1
13.04747,56.31254,1
12.87158,55.41889,1
13.4033,56.05134,1
13.01257,55.48061,1
15.537211,56.200912,1
15.73585,56.27501,1
15.04846,58.55265,1
14.80645,57.69524,1
15.53392,57.60552,1
14.19514,56.61607,1
14.89977,56.74633,1
16.37227,58.0351,1
13.14484,55.44312,1
14.80366,56.91875,1
14.99228,57.75361,1
14.35088,57.28219,1
16.06775,56.42156,1
